relative_path,name,extension,size_bytes,sha256,mtime_utc,copy_suffix,duplicate_of
Machinery_Article/1-s2.0-S0007850626000727-main (1).pdf,1-s2.0-S0007850626000727-main (1).pdf,.pdf,2694908,9bbc73f9516869d0090bb923de0aef07814975c515933d048cda457399b68ed1,2026-07-25T09:49:55+00:00,True,
Machinery_Article/1-s2.0-S0007850626000727-main (2).pdf,1-s2.0-S0007850626000727-main (2).pdf,.pdf,2693180,d560c1d52ea966da49652ece59ec4351748c9514c293f86f3c2c14ecaf627953,2026-07-25T09:55:51+00:00,True,
Machinery_Article/1-s2.0-S0007850626000727-main (3).pdf,1-s2.0-S0007850626000727-main (3).pdf,.pdf,2693353,196c9fcd48e040c96ecb986daa78b9075c2f615d6c3be3c28873a08347bc7296,2026-07-25T09:56:11+00:00,True,
Machinery_Article/1-s2.0-S0007850626000727-main.pdf,1-s2.0-S0007850626000727-main.pdf,.pdf,2694505,f50980d3401396f17ea0b15e195f69c8104affbb71fee39b7336c19187e06455,2026-07-25T09:49:33+00:00,False,
Machinery_Article/1-s2.0-S0043164825002133-main (1).pdf,1-s2.0-S0043164825002133-main (1).pdf,.pdf,17317225,4e70eaf1080758a63ecf8d82ad74960067c396284b51d14eb8e31f12f79430e6,2026-07-25T09:48:15+00:00,True,
Machinery_Article/1-s2.0-S0043164825002133-main.pdf,1-s2.0-S0043164825002133-main.pdf,.pdf,17317225,3bd85676a25a9e362fd85d39da545853bcad25bd0a2d3a211184f1b53780faa6,2026-07-25T09:43:14+00:00,False,
Machinery_Article/1-s2.0-S2212827126001733-main (1).pdf,1-s2.0-S2212827126001733-main (1).pdf,.pdf,1963568,7a912f3eefe9e2bd9317954d68ccb0d3de2245116e27bc74f878a6c0ce05f812,2026-07-25T09:48:56+00:00,True,
Machinery_Article/1-s2.0-S2212827126001733-main.pdf,1-s2.0-S2212827126001733-main.pdf,.pdf,1963694,103a04bdb75355a30ca7ddd919649bedb02bacc277bcedc9c0627d9b678d325c,2026-07-25T09:48:44+00:00,False,
Machinery_Article/1-s2.0-S2213846326000179-main.pdf,1-s2.0-S2213846326000179-main.pdf,.pdf,1205621,c8a41e570491be05a5d48e3f77e70bc94b39126d41acbe66ec2980f8b7f07b86,2026-07-25T10:13:41+00:00,False,
Machinery_Article/1-s2.0-S2238785426019046-main.pdf,1-s2.0-S2238785426019046-main.pdf,.pdf,3789586,392b8845c5dc6f79ff180511a4fe612987cefe4bba572489b23d523e4564a97f,2026-07-25T09:56:59+00:00,False,
Machinery_Article/1-s2.0-S2666790826001357-main (1).pdf,1-s2.0-S2666790826001357-main (1).pdf,.pdf,2947813,1a9d158369a1f0095c6eaad9d1f41ce95f01a13efed09e6245bcf993c1330263,2026-07-25T09:48:26+00:00,True,
Machinery_Article/1-s2.0-S2666790826001357-main.pdf,1-s2.0-S2666790826001357-main.pdf,.pdf,2964251,f9677e062811dfa76612835fb205c6e71fcb8fc991e3a3fe25e573e0a7d1d0b6,2026-07-25T09:41:54+00:00,False,
Machinery_Article/10.12739-nwsaes.v6i1.5000067046-186282.pdf,10.12739-nwsaes.v6i1.5000067046-186282.pdf,.pdf,469854,52e1b2096f6c42096b85b1d1f2671e89c3265db68f0e9fec468733d2ebed0bcb,2026-07-12T16:46:34+00:00,False,
Machinery_Article/10.12748-uujms-20131712-145007 (1).pdf,10.12748-uujms-20131712-145007 (1).pdf,.pdf,2047643,a6178d768052c3cb24061bc3a11c7514f079faba5c5b942315429ba64444efe1,2026-07-12T17:18:10+00:00,True,
Machinery_Article/10.12748-uujms-20131712-145007.pdf,10.12748-uujms-20131712-145007.pdf,.pdf,2047643,a6178d768052c3cb24061bc3a11c7514f079faba5c5b942315429ba64444efe1,2026-07-12T17:18:05+00:00,False,Machinery_Article/10.12748-uujms-20131712-145007 (1).pdf
Machinery_Article/10.14744-sigma.2025.00018-4723385.pdf,10.14744-sigma.2025.00018-4723385.pdf,.pdf,1944529,b34daadf6dc58cf3426fd4d6afbd83f3c8a20e1312fe30f39fa75f2b12a56dd1,2026-07-12T17:19:46+00:00,False,
Machinery_Article/10.15311-selcukdentj.887570-1604821.pdf,10.15311-selcukdentj.887570-1604821.pdf,.pdf,658957,d7d3f1980a2acaf85864c562b28dacd9d6ab81a87ef56a427a2c6605b0e0a5c1,2026-07-12T16:50:23+00:00,False,
Machinery_Article/10.16984-saufbed.72648-192968.pdf,10.16984-saufbed.72648-192968.pdf,.pdf,1648775,51fed31b6db85d90460c68ced66b28ee6facd0ce0197dbb7cd9be1bed81826b0,2026-07-11T17:46:04+00:00,False,
Machinery_Article/10.16984-saufbed.89891-192756.pdf,10.16984-saufbed.89891-192756.pdf,.pdf,906156,43b037cc2348816d802d059fc4ae5d60c4de0e55839b15fc16a3b5f5d2e64757,2026-07-12T16:45:02+00:00,False,
Machinery_Article/10.16984-saufenbilder.1308329-3182150.pdf,10.16984-saufenbilder.1308329-3182150.pdf,.pdf,2957699,e0ef79e3e589c1581e1b647a8b4432343eee98c6cddffd5bc82a7f090b8779e6,2026-07-12T17:20:26+00:00,False,
Machinery_Article/10.16984-saufenbilder.221226-344994.pdf,10.16984-saufenbilder.221226-344994.pdf,.pdf,1330114,1a4054f329c7e66e44686a7dba1f5a47ac76c6889688c498c926cdd3d5261830,2026-07-11T18:12:46+00:00,False,
Machinery_Article/10.16984-saufenbilder.296833-282024.pdf,10.16984-saufenbilder.296833-282024.pdf,.pdf,1048068,443b95598781406db12e5fd8bb771d9c12ee8ccc5e20410ffdf5a08a2fe12a65,2026-07-11T18:00:06+00:00,False,
Machinery_Article/10.17134-khosbd.913742-1699925.pdf,10.17134-khosbd.913742-1699925.pdf,.pdf,1451850,a5cb0b1e55a8436a7c892ebc958e131b57c5046fddd3d441ac64d5f442aef5df,2026-07-11T17:10:59+00:00,False,
Machinery_Article/10.17341-gazimmfd.1019422-2064852.pdf,10.17341-gazimmfd.1019422-2064852.pdf,.pdf,1136998,3fb69a1ff6ca22318dc2a768b962bcc66f93b304874c09040e4d88eda8ca052f,2026-07-11T18:59:29+00:00,False,
Machinery_Article/10.17341-gazimmfd.1095871-2342443.pdf,10.17341-gazimmfd.1095871-2342443.pdf,.pdf,809664,14fed7b68165f271aa643695729dea42c3ac7a1eeb5efe9a45cb76189d99f86f,2026-07-11T17:46:32+00:00,False,
Machinery_Article/10.17341-gazimmfd.1100151-2360551.pdf,10.17341-gazimmfd.1100151-2360551.pdf,.pdf,892284,509e41fa994464cc9abb721498a34e2c4d73687197b6dbd0f410cd00f82c04db,2026-07-11T18:06:58+00:00,False,
Machinery_Article/10.17341-gazimmfd.337612-341060.pdf,10.17341-gazimmfd.337612-341060.pdf,.pdf,587435,eac0e3307d9f2498b92270aa7010301ca5e571e7999e8657150629faf9de527d,2026-07-11T17:24:36+00:00,False,
Machinery_Article/10.17341-gazimmfd.416423-721407.pdf,10.17341-gazimmfd.416423-721407.pdf,.pdf,979918,92ccde6ece939bf846a6de216e25e612a4975f88ba7aea775f0cfc297bac662c,2026-07-11T16:58:05+00:00,False,
Machinery_Article/10.17341-gazimmfd.416524-721898.pdf,10.17341-gazimmfd.416524-721898.pdf,.pdf,623041,0192432968a05d0cb8d7403697365de1cc5f322e40da9176ff9365e6ed8a0cdb,2026-07-11T18:23:01+00:00,False,
Machinery_Article/10.17341-gazimmfd.460515-725532.pdf,10.17341-gazimmfd.460515-725532.pdf,.pdf,801911,5cde2681a08ab059b6f1f7a7f8979482320f9e143ca240e57cdfaa5b65546490,2026-07-11T18:27:54+00:00,False,
Machinery_Article/10.17341-gazimmfd.537386-666386.pdf,10.17341-gazimmfd.537386-666386.pdf,.pdf,1293438,d418305288e7f34181f325b5e231eaae2154e72a32e61f5972d145bbef67b11f,2026-07-11T17:05:48+00:00,False,
Machinery_Article/10.17341-gazimmfd.571466-740926.pdf,10.17341-gazimmfd.571466-740926.pdf,.pdf,808875,1c78a1f01658b8da36c34edddd8535fc2c5a39fced01c37a966eb43d768a07c2,2026-07-11T18:54:22+00:00,False,
Machinery_Article/10.17341-gazimmfd.668169-911737.pdf,10.17341-gazimmfd.668169-911737.pdf,.pdf,1448807,992dc1a3db1db51ed0c58c2ff062f2d92ca60db5507b05204fe02c0f0c428a67,2026-07-11T18:55:37+00:00,False,
Machinery_Article/10.17341-gazimmfd.881590-1582243.pdf,10.17341-gazimmfd.881590-1582243.pdf,.pdf,3630194,90ae0c7b3b9dda8c94136aa8313429f97733ef1e8ec87621ec18930c473abbc2,2026-07-11T19:04:34+00:00,False,
Machinery_Article/10.17341-gazimmfd.948426-1808882.pdf,10.17341-gazimmfd.948426-1808882.pdf,.pdf,409716,8801f9406820dcb2da21bc5dfd56c956c1c4aea82eaf198c8d026da01c667843,2026-07-11T18:04:37+00:00,False,
Machinery_Article/10.17341-gummfd.40509-225439.pdf,10.17341-gummfd.40509-225439.pdf,.pdf,4273153,d0f16fb403f23d3c5c67f6dd46fb4fd5dffdae2463bf2e4d28d77d3e3fbddd78,2026-07-11T19:01:19+00:00,False,
Machinery_Article/10.17350-HJSE19030000349-4423202.pdf,10.17350-HJSE19030000349-4423202.pdf,.pdf,959776,765842e9230ea3593bbd32272b00d77dbb6e0990f8c545be50e28e3d3f8b531f,2026-07-12T18:09:50+00:00,False,
Machinery_Article/10.17482-uujfe.21390-202741.pdf,10.17482-uujfe.21390-202741.pdf,.pdf,234213,d8beec45eff7ea1b1ed1615fe708fb39d1095181f2bb6fe442a6e265d6a647da,2026-07-12T16:57:30+00:00,False,
Machinery_Article/10.17482-uujfe.55280-202752 (1).pdf,10.17482-uujfe.55280-202752 (1).pdf,.pdf,205615,d595b3e4d72f8ba4265f96dcc7572158dc2bcb5f5121f060f57a768b33a6fe3f,2026-07-25T10:26:10+00:00,True,
Machinery_Article/10.17482-uujfe.55280-202752 (2).pdf,10.17482-uujfe.55280-202752 (2).pdf,.pdf,205615,d595b3e4d72f8ba4265f96dcc7572158dc2bcb5f5121f060f57a768b33a6fe3f,2026-07-25T10:30:02+00:00,True,Machinery_Article/10.17482-uujfe.55280-202752 (1).pdf
Machinery_Article/10.17482-uujfe.55280-202752.pdf,10.17482-uujfe.55280-202752.pdf,.pdf,205615,d595b3e4d72f8ba4265f96dcc7572158dc2bcb5f5121f060f57a768b33a6fe3f,2026-07-25T10:25:29+00:00,False,Machinery_Article/10.17482-uujfe.55280-202752 (1).pdf
Machinery_Article/10.17482-uujfe.74213-202850.pdf,10.17482-uujfe.74213-202850.pdf,.pdf,397912,ef713395a3b066077c412c59c977e705332092561d6934900139433e5842c2f3,2026-07-11T19:07:29+00:00,False,
Machinery_Article/10.17482-uumfd.301128-819642.pdf,10.17482-uumfd.301128-819642.pdf,.pdf,1368312,141279c5bad10de50c11a80dae58e516989330a5424772073a933ee30f4b9db9,2026-07-11T17:58:24+00:00,False,
Machinery_Article/10.17671-gazibtd.383339-564165.pdf,10.17671-gazibtd.383339-564165.pdf,.pdf,1883232,7d285c2441326e867d802d5caf5173ad718a53403cb469c2727733fcb68b6a9d,2026-07-25T09:20:17+00:00,False,
Machinery_Article/10.17776-csj.363671-379494 (1).pdf,10.17776-csj.363671-379494 (1).pdf,.pdf,899635,709576ba2daafe06fc2f0e5f005c936b7555edf48814a35d1c75e0179e740ecd,2026-07-12T18:06:10+00:00,True,
Machinery_Article/10.17776-csj.363671-379494 (2).pdf,10.17776-csj.363671-379494 (2).pdf,.pdf,899635,709576ba2daafe06fc2f0e5f005c936b7555edf48814a35d1c75e0179e740ecd,2026-07-12T18:06:18+00:00,True,Machinery_Article/10.17776-csj.363671-379494 (1).pdf
Machinery_Article/10.17776-csj.363671-379494.pdf,10.17776-csj.363671-379494.pdf,.pdf,899635,709576ba2daafe06fc2f0e5f005c936b7555edf48814a35d1c75e0179e740ecd,2026-07-11T16:56:16+00:00,False,Machinery_Article/10.17776-csj.363671-379494 (1).pdf
Machinery_Article/10.17798-bitlisfen.1130044-2483515 (1).pdf,10.17798-bitlisfen.1130044-2483515 (1).pdf,.pdf,1341819,329a4d2051620adc8194ddff82ef6215996f1c8ff53334f931db82e9ea2e001c,2026-07-12T18:05:28+00:00,True,
Machinery_Article/10.17798-bitlisfen.1130044-2483515.pdf,10.17798-bitlisfen.1130044-2483515.pdf,.pdf,1341819,329a4d2051620adc8194ddff82ef6215996f1c8ff53334f931db82e9ea2e001c,2026-07-12T18:05:17+00:00,False,Machinery_Article/10.17798-bitlisfen.1130044-2483515 (1).pdf
Machinery_Article/10.17798-bitlisfen.780738-1241319.pdf,10.17798-bitlisfen.780738-1241319.pdf,.pdf,771755,8199a4e0d4abadf1481913e19718a92f65e551b957e279695c91c3506f95ac11,2026-07-11T17:02:41+00:00,False,
Machinery_Article/10.17798-bitlisfen.845447-1463508.pdf,10.17798-bitlisfen.845447-1463508.pdf,.pdf,1318486,7d282c7651d64083cc489992bc086caaa2f11e83d1a4595ff4d5a7112047a72c,2026-07-11T19:00:26+00:00,False,
Machinery_Article/10.18185-erzifbed.312384-387615.pdf,10.18185-erzifbed.312384-387615.pdf,.pdf,890966,496ed4fc9c8376f9050aa2410480937169b6990c2359169f7ff4756e6467e108,2026-07-12T17:08:15+00:00,False,
Machinery_Article/10.18185-erzifbed.461223-677635.pdf,10.18185-erzifbed.461223-677635.pdf,.pdf,784086,f2d3d4e5bc442431f87ce98a9f9c7ac501a131a2905742d940336dbe4b2a0829,2026-07-11T18:27:33+00:00,False,
Machinery_Article/10.18185-eufbed.31555-68482 (1).pdf,10.18185-eufbed.31555-68482 (1).pdf,.pdf,713968,cfd0445edc8f9a17330f1ffacfe01c7939b177a9dbb2b24a0074582fd7194b91,2026-07-11T16:57:17+00:00,True,
Machinery_Article/10.18185-eufbed.31555-68482 (2).pdf,10.18185-eufbed.31555-68482 (2).pdf,.pdf,713968,cfd0445edc8f9a17330f1ffacfe01c7939b177a9dbb2b24a0074582fd7194b91,2026-07-11T16:57:24+00:00,True,Machinery_Article/10.18185-eufbed.31555-68482 (1).pdf
Machinery_Article/10.18185-eufbed.31555-68482 (3).pdf,10.18185-eufbed.31555-68482 (3).pdf,.pdf,713968,cfd0445edc8f9a17330f1ffacfe01c7939b177a9dbb2b24a0074582fd7194b91,2026-07-11T17:23:41+00:00,True,Machinery_Article/10.18185-eufbed.31555-68482 (1).pdf
Machinery_Article/10.18185-eufbed.31555-68482.pdf,10.18185-eufbed.31555-68482.pdf,.pdf,713968,cfd0445edc8f9a17330f1ffacfe01c7939b177a9dbb2b24a0074582fd7194b91,2026-07-11T16:56:57+00:00,False,Machinery_Article/10.18185-eufbed.31555-68482 (1).pdf
Machinery_Article/10.19113-sdufbed.72984-267016.pdf,10.19113-sdufbed.72984-267016.pdf,.pdf,891393,51b651434ab9e72db0c125f06b8cc5aa1f3b192e3faae730704feb389d950b92,2026-07-12T18:15:12+00:00,False,
Machinery_Article/10.19113-sdufenbed.1134161-2500620 (1).pdf,10.19113-sdufenbed.1134161-2500620 (1).pdf,.pdf,1984756,11e101799e03305bb6d8a28a1fcdcade3b120878a190008232426b71c8d09811,2026-07-25T09:31:33+00:00,True,
Machinery_Article/10.19113-sdufenbed.1134161-2500620 (2).pdf,10.19113-sdufenbed.1134161-2500620 (2).pdf,.pdf,1984756,11e101799e03305bb6d8a28a1fcdcade3b120878a190008232426b71c8d09811,2026-07-25T10:31:07+00:00,True,Machinery_Article/10.19113-sdufenbed.1134161-2500620 (1).pdf
Machinery_Article/10.19113-sdufenbed.1134161-2500620.pdf,10.19113-sdufenbed.1134161-2500620.pdf,.pdf,1984756,11e101799e03305bb6d8a28a1fcdcade3b120878a190008232426b71c8d09811,2026-07-25T09:30:29+00:00,False,Machinery_Article/10.19113-sdufenbed.1134161-2500620 (1).pdf
Machinery_Article/10.21205-deufmd.2022247023-1617671.pdf,10.21205-deufmd.2022247023-1617671.pdf,.pdf,1439960,48423a028e048eb4fc820e040c3e98738273f37027d7f826b448af0fdbf2840f,2026-07-11T18:25:11+00:00,False,
Machinery_Article/10.21541-apjes.515667-785194.pdf,10.21541-apjes.515667-785194.pdf,.pdf,1695180,aba9cc7a31632a96eb9f20f16e7ec91cbb12df0a25af1fc525a22daf4eba9107,2026-07-11T18:00:43+00:00,False,
Machinery_Article/10.21541-apjes.547749-928450.pdf,10.21541-apjes.547749-928450.pdf,.pdf,398380,b3e176fa7279bd0ba2a57e65db96ddbb901a57d251953e5b9a78c0b804641781,2026-07-12T17:03:52+00:00,False,
Machinery_Article/10.21541-apjes.601867-1111131.pdf,10.21541-apjes.601867-1111131.pdf,.pdf,688606,20939c8232dba2746c5310dbe8c701b452cfb52bc6e7b212594de3bd8ee0c339,2026-07-11T17:44:41+00:00,False,
Machinery_Article/10.21541-apjes.629374-1111214.pdf,10.21541-apjes.629374-1111214.pdf,.pdf,941283,a00a392b0a3bb9c9dd21f5cfa6a0af429297574f9855a0ac68dc3878aba70a46,2026-07-11T18:37:37+00:00,False,
Machinery_Article/10.21541-apjes.741439-1115618.pdf,10.21541-apjes.741439-1115618.pdf,.pdf,1064809,481cfc13a4192a0587b6dfe341c2516ca46141320cb450b5820b8ba3126b4934,2026-07-12T16:55:22+00:00,False,
Machinery_Article/10.21597-jist.697433-990280.pdf,10.21597-jist.697433-990280.pdf,.pdf,810420,f7b59d009b9c00f02783685da51cf2c0c8d17dded2828b496ebb558a2102ae33,2026-07-12T17:05:08+00:00,False,
Machinery_Article/10.21597-jist.736802-1101695.pdf,10.21597-jist.736802-1101695.pdf,.pdf,904918,05dec1e63f90157187bcc2e73dff485cbe1bb0a80d564a6c9910f14d16c23074,2026-07-12T17:20:46+00:00,False,
Machinery_Article/10.21605-cukurovaumfd.1146582-2549675.pdf,10.21605-cukurovaumfd.1146582-2549675.pdf,.pdf,468659,509039a0ed59049becda986577a35fd8efce45290f72c7078be944bdaf4a4fe6,2026-07-11T18:00:21+00:00,False,
Machinery_Article/10.21605-cukurovaumfd.1771047-5181383.pdf,10.21605-cukurovaumfd.1771047-5181383.pdf,.pdf,1427901,dd0bddac9d3578fd10a0c743534de42a37421d6af45bd7cfe49c1490ad7a79e2,2026-07-11T18:22:13+00:00,False,
Machinery_Article/10.21923-jesd.1070951-2243707.pdf,10.21923-jesd.1070951-2243707.pdf,.pdf,1000962,32f8254f7d58f5e8677ccb777274f582899a330b3c226bd1cc1eae6ce1665f8c,2026-07-11T17:11:24+00:00,False,
Machinery_Article/10.21923-jesd.434370-740584.pdf,10.21923-jesd.434370-740584.pdf,.pdf,988497,daabf5b4fb781fcaae1a0736e2265bcf37b0be2fe5ee6d44e0d4506f270f0db4,2026-07-11T17:00:31+00:00,False,
Machinery_Article/10.2339-politeknik.1215548-2816774.pdf,10.2339-politeknik.1215548-2816774.pdf,.pdf,1721383,ecf93b06145f76beb1584c28524c466e915c7db7907aa1297308c952d8206b7f,2026-07-25T10:31:57+00:00,False,
Machinery_Article/10.2339-politeknik.1342932-3331364.pdf,10.2339-politeknik.1342932-3331364.pdf,.pdf,1084574,846380fbc9fbb81770ce2dc5076a49677ab211a56f9f4e9164079530db05e175,2026-07-12T16:58:44+00:00,False,
Machinery_Article/10.2339-politeknik.417764-461919 (1).pdf,10.2339-politeknik.417764-461919 (1).pdf,.pdf,1620456,035aa289a7099bdd4ab0d0c868afffafa813b3c1c88fa0e294be41915f228932,2026-07-12T17:07:27+00:00,True,
Machinery_Article/10.2339-politeknik.417764-461919 (2).pdf,10.2339-politeknik.417764-461919 (2).pdf,.pdf,1620456,035aa289a7099bdd4ab0d0c868afffafa813b3c1c88fa0e294be41915f228932,2026-07-12T17:07:35+00:00,True,Machinery_Article/10.2339-politeknik.417764-461919 (1).pdf
Machinery_Article/10.2339-politeknik.417764-461919.pdf,10.2339-politeknik.417764-461919.pdf,.pdf,1620456,035aa289a7099bdd4ab0d0c868afffafa813b3c1c88fa0e294be41915f228932,2026-07-12T17:07:20+00:00,False,Machinery_Article/10.2339-politeknik.417764-461919 (1).pdf
Machinery_Article/10.2339-politeknik.426106-745948.pdf,10.2339-politeknik.426106-745948.pdf,.pdf,1533384,a366888730e5cbfa7385de1988fb0697c0a80905e01db750d69c882c64bbb214,2026-07-11T17:17:21+00:00,False,
Machinery_Article/10.2339-politeknik.479345-598158.pdf,10.2339-politeknik.479345-598158.pdf,.pdf,906582,19777396ff26dab89587fd500032ec0e60642f509969819dedb654f42d9bcd63,2026-07-12T17:03:08+00:00,False,
Machinery_Article/10.2339-politeknik.523697-643710 (1).pdf,10.2339-politeknik.523697-643710 (1).pdf,.pdf,878748,19e8405d728d32036f0dd4975a1662e23ceae7949373791e5c67642ac5572bfb,2026-07-12T18:02:44+00:00,True,
Machinery_Article/10.2339-politeknik.523697-643710.pdf,10.2339-politeknik.523697-643710.pdf,.pdf,878748,19e8405d728d32036f0dd4975a1662e23ceae7949373791e5c67642ac5572bfb,2026-07-11T17:17:55+00:00,False,Machinery_Article/10.2339-politeknik.523697-643710 (1).pdf
Machinery_Article/10.2339-politeknik.550000-851080.pdf,10.2339-politeknik.550000-851080.pdf,.pdf,4970445,a7ae6b983b7327d53b4c45d9fe5cbf49d6723aa531c614e587e65e6e420afba4,2026-07-11T18:30:22+00:00,False,
Machinery_Article/10.2339-politeknik.586036-811282 (1).pdf,10.2339-politeknik.586036-811282 (1).pdf,.pdf,858632,b6b28f4ef6faaa36827206684d8bcab917b401b701ba69141908874671809a67,2026-07-12T16:56:40+00:00,True,
Machinery_Article/10.2339-politeknik.586036-811282.pdf,10.2339-politeknik.586036-811282.pdf,.pdf,858632,b6b28f4ef6faaa36827206684d8bcab917b401b701ba69141908874671809a67,2026-07-12T16:56:09+00:00,False,Machinery_Article/10.2339-politeknik.586036-811282 (1).pdf
Machinery_Article/10.2339-politeknik.706532-1041646 (1).pdf,10.2339-politeknik.706532-1041646 (1).pdf,.pdf,1256473,8e3bf4cef08799ae19b0043ec6268592f80b230f2cdeeed554e9192df166979f,2026-07-12T16:57:11+00:00,True,
Machinery_Article/10.2339-politeknik.706532-1041646.pdf,10.2339-politeknik.706532-1041646.pdf,.pdf,1256473,8e3bf4cef08799ae19b0043ec6268592f80b230f2cdeeed554e9192df166979f,2026-07-12T16:57:06+00:00,False,Machinery_Article/10.2339-politeknik.706532-1041646 (1).pdf
Machinery_Article/10.2339-politeknik.706605-1037973.pdf,10.2339-politeknik.706605-1037973.pdf,.pdf,1192247,b7a22d9778f08776798e91e1590c48af570ffffcaedaa40ce8c15cd5b98641bd,2026-07-12T16:59:44+00:00,False,
Machinery_Article/10.2339-politeknik.892146-1621456.pdf,10.2339-politeknik.892146-1621456.pdf,.pdf,1202767,8a527c99a42f8e83bccc25d69b4953d43923ce572664d208b084a1b342340f6c,2026-07-12T16:53:09+00:00,False,
Machinery_Article/10.24012-dumf.1289356-3110169.pdf,10.24012-dumf.1289356-3110169.pdf,.pdf,657052,ad7bed0f8ea1a29f3a4f5cbac89bd6d9acf46c6a083ca9c638aa8eb65635d67c,2026-07-12T16:47:04+00:00,False,
Machinery_Article/10.24012-dumf.1563430-4272237.pdf,10.24012-dumf.1563430-4272237.pdf,.pdf,1016328,70002874f4fb2603028820488b5c3de3ce70850662414bc6ea68bd0f44bd64f4,2026-07-12T16:52:38+00:00,False,
Machinery_Article/10.24012-dumf.500525-1024277.pdf,10.24012-dumf.500525-1024277.pdf,.pdf,480755,c4eb569734e5aa7ebe9952aad6b23cd85a5d53325b60c66401ae29afef8365f3,2026-07-11T17:54:06+00:00,False,
Machinery_Article/10.24012-dumf.708814-1020271.pdf,10.24012-dumf.708814-1020271.pdf,.pdf,999619,87760273752431b3cd4ac4293615c2210663daced9f9d4f108fad3ca98698f0e,2026-07-11T18:06:25+00:00,False,
Machinery_Article/10.26701-ems.1724270-4978698.pdf,10.26701-ems.1724270-4978698.pdf,.pdf,1467598,01e8ba4a34686040c7ca459119ca40b73c04983cd4700674bcd8ff6ac77672db,2026-07-12T18:18:34+00:00,False,
Machinery_Article/10.28948-ngumuh.1054913-2180800.pdf,10.28948-ngumuh.1054913-2180800.pdf,.pdf,1153231,476662dd31b6f8decc356c08a1129e019ddb8597d92fe5855b43a445d874ffac,2026-07-11T17:21:11+00:00,False,
Machinery_Article/10.28948-ngumuh.1224589-2853866.pdf,10.28948-ngumuh.1224589-2853866.pdf,.pdf,1149775,ca7559e013bec2aa0715bbf901025bb3cc6e1c23ca912ad6bfa519946ad4d9a6,2026-07-11T19:15:01+00:00,False,
Machinery_Article/10.28948-ngumuh.1321748-3239664.pdf,10.28948-ngumuh.1321748-3239664.pdf,.pdf,993731,8b7b8da07cd7e718924e4dca17488ed91923fd28179b22df4bce2f6f1994696f,2026-07-11T17:13:16+00:00,False,
Machinery_Article/10.28948-ngumuh.1335448-3298553.pdf,10.28948-ngumuh.1335448-3298553.pdf,.pdf,1644167,b8dd0efc036928e38296e3d0546e94841a467242cdb0237176659470e5110cf5,2026-07-11T18:26:07+00:00,False,
Machinery_Article/10.28948-ngumuh.1525630-4111806.pdf,10.28948-ngumuh.1525630-4111806.pdf,.pdf,1291535,a46d9d172d8bc1c4587fdf0bee2ceb5aef1beb156a18e10b81a671f2530323e4,2026-07-11T18:47:09+00:00,False,
Machinery_Article/10.28948-ngumuh.1649015-4650513.pdf,10.28948-ngumuh.1649015-4650513.pdf,.pdf,1098788,1778a8c6a7f6b1e1050042a20b1586817ae305a99cc0a0147ee70b25b1d13bcf,2026-07-11T17:28:32+00:00,False,
Machinery_Article/10.29109-gujsc.1047057-2156869.pdf,10.29109-gujsc.1047057-2156869.pdf,.pdf,1258848,79d0b2ea9ff3ab878559357e18999bf6a90e0785d8e399e622282f3a8a2adb29,2026-07-12T18:16:35+00:00,False,
Machinery_Article/10.29109-gujsc.1439278-3738283.pdf,10.29109-gujsc.1439278-3738283.pdf,.pdf,1146608,9eb0e515bd53345d87633575b1cb173e9e497f00e51e4cea4157e85150e2657f,2026-07-12T17:22:45+00:00,False,
Machinery_Article/10.29109-gujsc.1643768-4627003.pdf,10.29109-gujsc.1643768-4627003.pdf,.pdf,1929639,5aa122939df9d93af194d93d446aa0d5eaec56ea0e39545b10da350253d8527e,2026-07-11T19:06:31+00:00,False,
Machinery_Article/10.29109-gujsc.1767352-5163916.pdf,10.29109-gujsc.1767352-5163916.pdf,.pdf,2032920,1ad3d34ddfff0eb27c179565d5cd162790777121b543cd18fb831b72450aa9cd,2026-07-12T17:06:46+00:00,False,
Machinery_Article/10.29109-gujsc.727746-1073700.pdf,10.29109-gujsc.727746-1073700.pdf,.pdf,1231659,8140d3e74cd6a74ef95dd94096194993ddaa366608232f20ad130513dc9f07dd,2026-07-11T17:55:38+00:00,False,
Machinery_Article/10.29109-http-gujsc-gazi-edu-tr.330370-435151.pdf,10.29109-http-gujsc-gazi-edu-tr.330370-435151.pdf,.pdf,1176505,bdb84076b3b2e525e0e23a9f0ee62ddb9a09b388cf207b69768b23ca543d4259,2026-07-11T18:57:47+00:00,False,
Machinery_Article/10.29130-dubited.1087895-2309902.pdf,10.29130-dubited.1087895-2309902.pdf,.pdf,503849,5f8613a83daa4891c86e1d8914484415267edca458b5a01848526767c62ccc22,2026-07-12T18:05:48+00:00,False,
Machinery_Article/10.29130-dubited.1151275-2566689.pdf,10.29130-dubited.1151275-2566689.pdf,.pdf,1102399,5a2d8315bfcd2e38191e92e064eacd1646191db41563d7b58333df2313d547a4,2026-07-12T18:19:36+00:00,False,
Machinery_Article/10.29130-dubited.1173170-2641803.pdf,10.29130-dubited.1173170-2641803.pdf,.pdf,1199007,b5a63627749612e24125cbf748e00d09003617112066baba81433693196cef21,2026-07-11T18:44:49+00:00,False,
Machinery_Article/10.29130-dubited.1501022-4004761.pdf,10.29130-dubited.1501022-4004761.pdf,.pdf,709722,29595fda87e2a8911581429c8495bad0ce088c1b8b35a366a2e0d5b557d97291,2026-07-11T18:27:11+00:00,False,
Machinery_Article/10.29130-dubited.413185-517503.pdf,10.29130-dubited.413185-517503.pdf,.pdf,1488287,cfd215c0085bb1cd739aa353890be5ced74e42e5d557428cdeff204ccfbf1523,2026-07-12T18:03:24+00:00,False,
Machinery_Article/10.29130-dubited.419437-684184.pdf,10.29130-dubited.419437-684184.pdf,.pdf,284091,2784ee03645323af088559022ea13014192a696a32305f88411d88a12f46c9e6,2026-07-11T16:58:38+00:00,False,
Machinery_Article/10.29130-dubited.519356-958208.pdf,10.29130-dubited.519356-958208.pdf,.pdf,906774,32983bd4f890fe6e07d2a1880ff507b94325dace587114bb3fe41d83c65687d2,2026-07-11T18:43:14+00:00,False,
Machinery_Article/10.29130-dubited.533362-957165.pdf,10.29130-dubited.533362-957165.pdf,.pdf,591354,5a3592500fb629bf2f2ee2082ed8a1aaa989ec8230ac8a7c82a54c0f971a7020,2026-07-11T19:02:24+00:00,False,
Machinery_Article/10.29137-umagd.1165180-2608852.pdf,10.29137-umagd.1165180-2608852.pdf,.pdf,1550938,44ff7b0bf2b695b7f4ccc7a393fa912378c852159d0673c171a056caab57f518,2026-07-11T17:07:24+00:00,False,
Machinery_Article/10.29137-umagd.1252097-2956454.pdf,10.29137-umagd.1252097-2956454.pdf,.pdf,1016928,a8e85711829298708e6b4f1727db452146dd8041e2c01996115a768aeef78a8e,2026-07-11T17:36:13+00:00,False,
Machinery_Article/10.29137-umagd.1280007-3071321.pdf,10.29137-umagd.1280007-3071321.pdf,.pdf,997443,bdb3e859e3445fcc0ca12918988f0f94f92f11175be7fb03341417e39be65769,2026-07-11T17:14:34+00:00,False,
Machinery_Article/10.29137-umagd.1411318-3626510.pdf,10.29137-umagd.1411318-3626510.pdf,.pdf,1565817,7b63626083f64067a94038832778d2c8a8923e9d623847e63b7420874eb79dbe,2026-07-11T18:11:39+00:00,False,
Machinery_Article/10.29137-umagd.351746-362582.pdf,10.29137-umagd.351746-362582.pdf,.pdf,1819623,c87844149974f7ef7f2a76b83d99031fe990c542331701cdf6691b8f1d88d05f,2026-07-11T18:28:15+00:00,False,
Machinery_Article/10.29137-umagd.771235-1207619.pdf,10.29137-umagd.771235-1207619.pdf,.pdf,506537,3e83a76b67b0bc6a49ba7d1bf997a413f0742d704a46358faa23481207e1bcfe,2026-07-11T18:08:07+00:00,False,
Machinery_Article/10.29137-umagd.907630-1676935.pdf,10.29137-umagd.907630-1676935.pdf,.pdf,1414626,77654efa054cdf68563308a1798f559327b923f8532068749dc9abeb909655c2,2026-07-11T18:09:37+00:00,False,
Machinery_Article/10.30516-bilgesci.1240583-2909950.pdf,10.30516-bilgesci.1240583-2909950.pdf,.pdf,815492,19b79f968ba6622fb29ba2d7781b060063b3e726ec549495404832b1cfce5c0d,2026-07-12T18:16:16+00:00,False,
Machinery_Article/10.30516-bilgesci.1641807-4618425.pdf,10.30516-bilgesci.1641807-4618425.pdf,.pdf,1076173,c51b2a89e8881d82ce4c4d8a50e1883e2812b527b8796ed6ecc612b3e21868dd,2026-07-12T17:25:59+00:00,False,
Machinery_Article/10.30939-ijastech..1399702-3576148.pdf,10.30939-ijastech..1399702-3576148.pdf,.pdf,1555648,02fa97ba3f989a4cdddcf039f035ae151ca59ad9a2a6db314dcc8783c4a0d27e,2026-07-12T18:08:01+00:00,False,
Machinery_Article/10.30939-ijastech..1776999-5208809.pdf,10.30939-ijastech..1776999-5208809.pdf,.pdf,1167980,deaf115904adeec803f9b2d6e1f73d6af30074976a47645c5e825a572f093cb4,2026-07-12T18:04:42+00:00,False,
Machinery_Article/10.31202-ecjse.730812-1083045.pdf,10.31202-ecjse.730812-1083045.pdf,.pdf,1050468,38ccb8a68c0372a6f30ac41faaa4604a9bfbebaedd2f63c589639abb71ea199e,2026-07-11T18:54:42+00:00,False,
Machinery_Article/10.31590-ejosat.1039297-2143105.pdf,10.31590-ejosat.1039297-2143105.pdf,.pdf,1074286,9d8e1e78a14ca864d759a3a599c8760a509753b2789cb31edf8944974faefc6e,2026-07-11T17:13:52+00:00,False,
Machinery_Article/10.31590-ejosat.1255048-2968609.pdf,10.31590-ejosat.1255048-2968609.pdf,.pdf,827377,e27b24e122e91afc6f95ff1ca5ac9b900f113e294fff6e044a96375f11d17d83,2026-07-11T16:51:12+00:00,False,
Machinery_Article/10.31590-ejosat.654256-912384.pdf,10.31590-ejosat.654256-912384.pdf,.pdf,1694155,3015c61a05e3312cdc441d107150843f9fc9dde59048cb3a821218a835e410a5,2026-07-11T19:05:58+00:00,False,
Machinery_Article/10.31590-ejosat.801595-1315356.pdf,10.31590-ejosat.801595-1315356.pdf,.pdf,861761,832d4dd7a6f8cfd7de7c3a09264e5862fc5b3b52ae95045e42a61f41a52a36c1,2026-07-11T17:51:53+00:00,False,
Machinery_Article/10.31590-ejosat.894203-1629124.pdf,10.31590-ejosat.894203-1629124.pdf,.pdf,1100620,0f60bd475fdad302a612700549e9a173f98c401b2251ca3d727008a0c9134255,2026-07-11T18:23:32+00:00,False,
Machinery_Article/10.31590-ejosat.972290-1884013.pdf,10.31590-ejosat.972290-1884013.pdf,.pdf,1419647,ca41b790b66adbb3ad4c77901fff9c23a823e997b7c5ec25468694f5cabca63f,2026-07-11T17:16:01+00:00,False,
Machinery_Article/10.31590-ejosat.996324-1977782.pdf,10.31590-ejosat.996324-1977782.pdf,.pdf,1210228,f2bd8895b702aa27592546dfc6dfc6ecc4f2496b06b9ab6f802e95abf9210c76,2026-07-11T17:24:53+00:00,False,
Machinery_Article/10.34088-kojose.1363471-3421094.pdf,10.34088-kojose.1363471-3421094.pdf,.pdf,553601,35d7155bc9bec73a72bd5dc9764b3a56985ed9e5b24bb2457afe63b0e88d2af2,2026-07-12T18:14:57+00:00,False,
Machinery_Article/10.34248-bsengineering.1282159-3079869.pdf,10.34248-bsengineering.1282159-3079869.pdf,.pdf,685862,ef34033eb5957f7e1666c7082de9f036016bafbb01c9ea7a17fcfd11103816a2,2026-07-12T16:45:19+00:00,False,
Machinery_Article/10.34248-bsengineering.1356822-3392460.pdf,10.34248-bsengineering.1356822-3392460.pdf,.pdf,802485,106e210745f105a8df37dae4054911ce26d5080b7d961755846f97b7d94722d2,2026-07-12T17:13:16+00:00,False,
Machinery_Article/10.34248-bsengineering.1687682-4822138.pdf,10.34248-bsengineering.1687682-4822138.pdf,.pdf,1256587,554bab7d3c8d7a7b2d0925e659d7a7e9ab94a43b578754b5fa6f355eaadd1229,2026-07-12T17:25:30+00:00,False,
Machinery_Article/10.34248-bsengineering.1854414-5562331.pdf,10.34248-bsengineering.1854414-5562331.pdf,.pdf,1103780,b55108ca469139578f750f2ff652d59cb377b673d68228c884e0dfa5d00fcd0b,2026-07-12T17:11:07+00:00,False,
Machinery_Article/10.35193-bseufbd.883056-1587841.pdf,10.35193-bseufbd.883056-1587841.pdf,.pdf,989856,58367271baecb7aaa12e541b2e5180c7ac10878222815826f1c82cc9ac258c01,2026-07-11T18:28:36+00:00,False,
Machinery_Article/10.35234-fumbd.1128833-2478463.pdf,10.35234-fumbd.1128833-2478463.pdf,.pdf,1233929,99a9fd5f92c121a26212de6290551b6c5226f618a7724d1a412cb44531ef6f5c,2026-07-11T17:59:07+00:00,False,
Machinery_Article/10.35234-fumbd.1227075-2863804.pdf,10.35234-fumbd.1227075-2863804.pdf,.pdf,1090354,b20ed5ed57fdfb6393b7dbc7d6b44381e858ee1d66a970aa902d5ca6a51b93e3,2026-07-11T17:08:09+00:00,False,
Machinery_Article/10.35234-fumbd.1546406-4201428.pdf,10.35234-fumbd.1546406-4201428.pdf,.pdf,10640139,9df043af6a25d63379add4fd62c632ce1d1dd1db02f0bc66d346554a22039410,2026-07-11T19:02:00+00:00,False,
Machinery_Article/10.35234-fumbd.584160-868886.pdf,10.35234-fumbd.584160-868886.pdf,.pdf,1193673,7143e89dec5666436fde3f0ee1035bb38158acc7879f435bdfd8927648a86d89,2026-07-11T18:53:25+00:00,False,
Machinery_Article/10.35354-tbed.768897-1200488.pdf,10.35354-tbed.768897-1200488.pdf,.pdf,542501,0c63649f3edf3865ed9bcbea0f39f7c2cf4200e043b2542f9f238b684c34747e,2026-07-11T16:55:09+00:00,False,
Machinery_Article/10.35378-gujs.1597747-4423272.pdf,10.35378-gujs.1597747-4423272.pdf,.pdf,891519,6bec22884a458e8c5043ea51502d064cc270ecc92fe4de55ff724af353bb7343,2026-07-12T18:08:49+00:00,False,
Machinery_Article/10.35414-akufemubid.1103662-2375055.pdf,10.35414-akufemubid.1103662-2375055.pdf,.pdf,634365,326cb7937d18bc8b0212d03ab5349c7c189c9c1bd5a3c1073bfa82f0429a6e37,2026-07-11T18:49:55+00:00,False,
Machinery_Article/10.35414-akufemubid.1108677-2395584.pdf,10.35414-akufemubid.1108677-2395584.pdf,.pdf,715356,6f4b71c29a1368e120d3626a0c13059ef12743e8c82df7bfdff660d5647f566b,2026-07-11T18:34:19+00:00,False,
Machinery_Article/10.35414-akufemubid.1823859-5421351.pdf,10.35414-akufemubid.1823859-5421351.pdf,.pdf,2032607,fa1f0cc6334e6f6a182d13c6448018887ff2b9e1e96d335fd0bdf3f34324d77c,2026-07-11T19:15:30+00:00,False,
Machinery_Article/10.36222-ejt.1066472-2226017.pdf,10.36222-ejt.1066472-2226017.pdf,.pdf,1046327,0b8e62e033d758045a8d92ccaeff6eb73c581f2248aac6c124b61d7069b66689,2026-07-12T18:19:20+00:00,False,
Machinery_Article/10.36306-konjes.1091584-2325151.pdf,10.36306-konjes.1091584-2325151.pdf,.pdf,785483,f449fe48c8f59fb302ddde080e757b7e57fd531d7cc370298817242acff91981,2026-07-11T18:56:26+00:00,False,
Machinery_Article/10.36306-konjes.1430115-3700591.pdf,10.36306-konjes.1430115-3700591.pdf,.pdf,1093838,b946681d6daf33466090d11829f76d916c7844ce3002e71cd67ffa1ff3b76f33,2026-07-12T18:08:22+00:00,False,
Machinery_Article/10.36306-konjes.624725-907305.pdf,10.36306-konjes.624725-907305.pdf,.pdf,1096575,40e25b235f28cc2a576f30032f821ab5bc5fe2028959cee3ce5d164f7c5a2528,2026-07-11T17:09:56+00:00,False,
Machinery_Article/10.38061-idunas.1496031-3982689.pdf,10.38061-idunas.1496031-3982689.pdf,.pdf,1674624,6524487fe9c87736196628b36e56320f2518c8e5e309b629877dac78461db609,2026-07-12T18:20:45+00:00,False,
Machinery_Article/10.38213-ohsacademy.822861-1385786.pdf,10.38213-ohsacademy.822861-1385786.pdf,.pdf,934808,ab503da95559755dc73ccdadd429ac021d6137371d197046de7f9bfe077062cd,2026-07-11T18:54:00+00:00,False,
Machinery_Article/10.46399-muhendismakina.1760886-5135279.pdf,10.46399-muhendismakina.1760886-5135279.pdf,.pdf,1408743,a92ccc8ce82d1aa3cada3d51fb01ee74f91d701cfdd5c3537bd5863f0e1a15b5,2026-07-11T18:40:05+00:00,False,
Machinery_Article/10.46460-ijiea.1136221-2509036.pdf,10.46460-ijiea.1136221-2509036.pdf,.pdf,1906499,90d1810153ec38ba922537f673ab773e091e3cacfc7d75e29fafc1c9c67fe026,2026-07-11T17:00:04+00:00,False,
Machinery_Article/10.46460-ijiea.1165371-2609554.pdf,10.46460-ijiea.1165371-2609554.pdf,.pdf,1031068,a7c8eb096b0b37a495461d0e787423371a49d26dff4bcf0cb7c898824205ca6a,2026-07-11T19:15:49+00:00,False,
Machinery_Article/10.46460-ijiea.1489544-3954190.pdf,10.46460-ijiea.1489544-3954190.pdf,.pdf,1138715,428e55dd8e286f7c74845a1169ce44cba8330308777e9fd0d4bff17f0543f133,2026-07-11T17:18:11+00:00,False,
Machinery_Article/10.46465-endustrimuhendisligi.783465-1250885.pdf,10.46465-endustrimuhendisligi.783465-1250885.pdf,.pdf,1303824,583454b6bf92c5ad678fca7d4bb2815b498513366e7af88da1b8eedd4757df54,2026-07-11T17:11:44+00:00,False,
Machinery_Article/10.46519-ij3dptdi.1267634-3021130.pdf,10.46519-ij3dptdi.1267634-3021130.pdf,.pdf,1549181,7d35977e7570ec36974889a7f86318fc3f507f3d83e0a85522710250bbc0596b,2026-07-12T18:21:27+00:00,False,
Machinery_Article/10.46519-ij3dptdi.1564924-4278473.pdf,10.46519-ij3dptdi.1564924-4278473.pdf,.pdf,1057698,eecada4ff11f7fce062fa35068b90817a68be997b9e0c274c4cbbae4876b513c,2026-07-12T16:47:55+00:00,False,
Machinery_Article/10.46519-ij3dptdi.1581618-4349897.pdf,10.46519-ij3dptdi.1581618-4349897.pdf,.pdf,1952452,cf02cada77a93f4961089baf8b98a016639c291c5197e01591d573208404f9d2,2026-07-12T17:08:35+00:00,False,
Machinery_Article/10.46519-ij3dptdi.1704399-4893220.pdf,10.46519-ij3dptdi.1704399-4893220.pdf,.pdf,862986,50c06b86c20f823af64f58ab6d674bcf3d1d76030114111141061c8e7975a3bd,2026-07-12T16:49:55+00:00,False,
Machinery_Article/10.46519-ij3dptdi.817343-1367238.pdf,10.46519-ij3dptdi.817343-1367238.pdf,.pdf,1310853,edfc5b0c6125e7eb817b21e795d4640f51a1688dbfafa885ffdc9f8337de5bf4,2026-07-11T17:18:35+00:00,False,
Machinery_Article/10.46519-ij3dptdi.950425-1816590.pdf,10.46519-ij3dptdi.950425-1816590.pdf,.pdf,1214524,18ac76695cdb67e5e118cddc27282a7ce1f79da23b18c66db468623e85a0a2c3,2026-07-12T18:01:54+00:00,False,
Machinery_Article/10.46519-ij3dptdi.955073-1834064.pdf,10.46519-ij3dptdi.955073-1834064.pdf,.pdf,771311,87eea55cdecf9a9a1c1a85c4289307d624646d1e233985768a007c7acf58f7c0,2026-07-11T18:52:36+00:00,False,
Machinery_Article/10.46519-ij3dptdi.958048-1845136.pdf,10.46519-ij3dptdi.958048-1845136.pdf,.pdf,750459,5db46fb3d96980e850cf02f1bb42e516dcbbc353d04926845a4ad8ed98659c8e,2026-07-12T17:07:58+00:00,False,
Machinery_Article/10.46578-humder.1865162-5611262.pdf,10.46578-humder.1865162-5611262.pdf,.pdf,3473536,218825788acadab6043ba18716f4619287df49f21901abea9afc5b78281788ba,2026-07-12T18:07:09+00:00,False,
Machinery_Article/10.46810-tdfd.830053-1410807 (1).pdf,10.46810-tdfd.830053-1410807 (1).pdf,.pdf,1034749,bcafbcee77468ba4646b571fb9dda620aab979dc7b70766f22ed2a07166efde8,2026-07-25T10:30:33+00:00,True,
Machinery_Article/10.46810-tdfd.830053-1410807.pdf,10.46810-tdfd.830053-1410807.pdf,.pdf,1034749,bcafbcee77468ba4646b571fb9dda620aab979dc7b70766f22ed2a07166efde8,2026-07-25T10:30:20+00:00,False,Machinery_Article/10.46810-tdfd.830053-1410807 (1).pdf
Machinery_Article/10.47480-isibted.1757702-5120179.pdf,10.47480-isibted.1757702-5120179.pdf,.pdf,1658706,e2ac750fcf52682cd196b89d1a09fe20e1d38378495459ad9218c73e19eb5ebd,2026-07-11T17:04:27+00:00,False,
Machinery_Article/10.47495-okufbed.1010997-2031626.pdf,10.47495-okufbed.1010997-2031626.pdf,.pdf,2328448,a9e6022679319f280ad0c3db8e4def12be6d23f585c79e7aad48ca41755ce054,2026-07-12T18:10:27+00:00,False,
Machinery_Article/10.47495-okufbed.1064594-2218865.pdf,10.47495-okufbed.1064594-2218865.pdf,.pdf,1290708,966d1cefa47584d71cabdd57c0b9c3e78ec8ff58ae652212cb827f41e83a883c,2026-07-11T18:03:44+00:00,False,
Machinery_Article/10.51534-tiha.1315188-3212563.pdf,10.51534-tiha.1315188-3212563.pdf,.pdf,2248193,8bc422df6e73cea235c1fe5282f72e4e337872ecfe38a02f4f713ea0bf8f3c04,2026-07-11T18:45:13+00:00,False,
Machinery_Article/10.52675-jhesp.801817-1316120.pdf,10.52675-jhesp.801817-1316120.pdf,.pdf,232231,6d0a48f8f21f14256b1edae7851a8e1f1296435771c06bedc4a0561587cf6285,2026-07-12T17:04:20+00:00,False,
Machinery_Article/10.52795-mateca.1031691-2112354.pdf,10.52795-mateca.1031691-2112354.pdf,.pdf,1421834,7962bdf618e39d201b6592584a0c39167316d7d65421386286ccef214838f123,2026-07-11T18:45:52+00:00,False,
Machinery_Article/10.52795-mateca.1058771-2195775.pdf,10.52795-mateca.1058771-2195775.pdf,.pdf,1102018,74d985510b46007098d33499f9bab0d38944bc79b369ffe8787fa7805ebc7df8,2026-07-11T18:15:47+00:00,False,
Machinery_Article/10.52795-mateca.1080941-2282222.pdf,10.52795-mateca.1080941-2282222.pdf,.pdf,1353074,a3d7048a172d34416b84c1c2b50c93ee04196e1b98231641d168662d5a860bc4,2026-07-12T16:45:35+00:00,False,
Machinery_Article/10.52795-mateca.1272866-3042900.pdf,10.52795-mateca.1272866-3042900.pdf,.pdf,1299479,7ae18534203265c4807239a885838f85dfefb38577c3ea482db55834e4afb35d,2026-07-11T18:55:05+00:00,False,
Machinery_Article/10.52795-mateca.1463257-3839863.pdf,10.52795-mateca.1463257-3839863.pdf,.pdf,1379546,35e6162f303a8d7bb552fd0899cd0963e464b9f16e47009ab014f5e6c529e86b,2026-07-11T18:46:10+00:00,False,
Machinery_Article/10.52795-mateca.1552826-4226495.pdf,10.52795-mateca.1552826-4226495.pdf,.pdf,1674856,0329054f53f5726cb51af065d4d061ea1b93f51c5c0a89d72f59e612895ad392,2026-07-11T18:52:11+00:00,False,
Machinery_Article/10.52795-mateca.1698767-4867675.pdf,10.52795-mateca.1698767-4867675.pdf,.pdf,670520,bd6510b934d4b4defce658e71aa70e6dd724e399a1bf568792c2a3b3662e86e0,2026-07-11T17:16:37+00:00,False,
Machinery_Article/10.52795-mateca.1870698-5636978.pdf,10.52795-mateca.1870698-5636978.pdf,.pdf,792195,3ef5c5d16a3a4ad8918c3a8d58df309b06d432df8568046f58db2ed30cd24cd4,2026-07-11T19:00:51+00:00,False,
Machinery_Article/10.52795-mateca.1872574-5645525.pdf,10.52795-mateca.1872574-5645525.pdf,.pdf,1612833,d29a1e1f8b9781e644b22f51ff05898f555b6bd090860d8d677dcc72873fb29a,2026-07-11T18:57:12+00:00,False,
Machinery_Article/10.52795-mateca.940261-1779186.pdf,10.52795-mateca.940261-1779186.pdf,.pdf,1239240,8ad4665c614234e41cc5aee825e895869fe98cd6d42ea0c09b7aa20b360830cb,2026-07-11T17:07:05+00:00,False,
Machinery_Article/10.53433-yyufbed.1067638-2230467.pdf,10.53433-yyufbed.1067638-2230467.pdf,.pdf,694397,54322a1ecbd81d0ef4c15d442b437a65fc2d4c775767e9eb1f81f83b001ad694,2026-07-11T17:13:35+00:00,False,
Machinery_Article/10.54287-gujsa.1135609-2506485.pdf,10.54287-gujsa.1135609-2506485.pdf,.pdf,543604,786ac7d1aae4e6d66a7550dcbdf06cde0c57dd7720bb1cb4114b0287e4160692,2026-07-12T18:04:58+00:00,False,
Machinery_Article/10.54365-adyumbd.1465339-3849033.pdf,10.54365-adyumbd.1465339-3849033.pdf,.pdf,4207476,87180b5a005b3fa82b07bcc5bd5bb446a488322c85993d3bbca6d30b417ae00e,2026-07-12T17:02:29+00:00,False,
Machinery_Article/10.5505-pajes.2025.79958-5369857.pdf,10.5505-pajes.2025.79958-5369857.pdf,.pdf,678883,4c2b14614d82793fd4eec314b0d2f3bec41008dbec1b085ba5005fb9edefb0bd,2026-07-11T19:05:44+00:00,False,
Machinery_Article/10.55071-ticaretfbd.1449025-3780880.pdf,10.55071-ticaretfbd.1449025-3780880.pdf,.pdf,1230060,0b195f2a1579a06a9485e1231ffb254733793fba8267c1cba9e01a5109b254ec,2026-07-11T18:12:29+00:00,False,
Machinery_Article/10.55117-bufbd.1585842-4368806.pdf,10.55117-bufbd.1585842-4368806.pdf,.pdf,794372,b5b63a80049e37c7924676ea6df33833d0f5c57b166d3a99271ffec70ecc38c3,2026-07-11T17:33:55+00:00,False,
Machinery_Article/10.55546-jmm.1257453-2978509.pdf,10.55546-jmm.1257453-2978509.pdf,.pdf,1097828,0e2f0231f0cb8e16e0e4b10d71487f23fbd1aecd812f6ce15ab448f8dcdaa92c,2026-07-11T16:52:42+00:00,False,
Machinery_Article/10.55546-jmm.1375777-3473872.pdf,10.55546-jmm.1375777-3473872.pdf,.pdf,1583781,a36190edcb84d536589996d8dd0774840cd11411d218911bb7a18a5c381be82f,2026-07-11T17:59:27+00:00,False,
Machinery_Article/10.55546-jmm.1512549-4054552.pdf,10.55546-jmm.1512549-4054552.pdf,.pdf,1283644,05040488533215be5fa7eb887987a4ab0a826b03e0fa552081b93cc31b82ffba,2026-07-11T18:10:32+00:00,False,
Machinery_Article/10.55546-jmm.1792779-5281811.pdf,10.55546-jmm.1792779-5281811.pdf,.pdf,734760,150070480b1462fecf30335f7ce397de3f106e44a7ec7a7d31159c752b2c0fe5,2026-07-11T17:06:45+00:00,False,
Machinery_Article/10.55549-epstem.1406266-3605174.pdf,10.55549-epstem.1406266-3605174.pdf,.pdf,897099,4dcfb4f8cae5b5311b6efe3f49bea8a7f32a3b7c34aafc44dfdd1cdb56d94a66,2026-07-12T17:15:48+00:00,False,
Machinery_Article/10.55549-epstem.1406756-3607507.pdf,10.55549-epstem.1406756-3607507.pdf,.pdf,1093294,bdb3b833912d665c0305205d326977975ace65d24e713be96beae72287acad52,2026-07-12T18:17:38+00:00,False,
Machinery_Article/10.56193-matim.1245809-2930955.pdf,10.56193-matim.1245809-2930955.pdf,.pdf,1166030,5660ce72f449574ba7d6c2525250607199bf6fd42fd579f35c2272a488674f3e,2026-07-11T17:12:42+00:00,False,
Machinery_Article/10.56193-matim.1269179-3027853.pdf,10.56193-matim.1269179-3027853.pdf,.pdf,1213756,5c7ee1a242e7b442267135f2ef1e2d0f3d0b57558fce1607c03af14f79b92dc0,2026-07-25T10:39:35+00:00,False,
Machinery_Article/10.56193-matim.1638750-4604501.pdf,10.56193-matim.1638750-4604501.pdf,.pdf,854853,f72c0e646d361ffc1a10d4178740e3545e194e019b155b045c2b458b86684116,2026-07-11T19:16:04+00:00,False,
Machinery_Article/10.56193-matim.1646793-4640665.pdf,10.56193-matim.1646793-4640665.pdf,.pdf,632342,8a4bccbd8e2bcb4a20d66f8be1ab98cc5514402ed4dad772f15374e2eab8448d,2026-07-11T17:06:14+00:00,False,
Machinery_Article/10.56193-matim.1647309-4642984.pdf,10.56193-matim.1647309-4642984.pdf,.pdf,571079,feb27784b30ff0b1887c4ae06801b8bb976e89c4604c6c2df6d869a558e07a76,2026-07-11T18:41:08+00:00,False,
Machinery_Article/10.56193-matim.1657815-4690478.pdf,10.56193-matim.1657815-4690478.pdf,.pdf,664562,a94fe492adab394aa816d9a251ad4ef8b980d8acb7baa3daf053393d2144d261,2026-07-11T18:39:48+00:00,False,
Machinery_Article/10.56193-matim.1658896-4695099.pdf,10.56193-matim.1658896-4695099.pdf,.pdf,704182,2bb0d7564cc98631756b7848540460b22454dede6bad5bdb029cb6b6c7b3679d,2026-07-11T17:27:22+00:00,False,
Machinery_Article/10.56193-matim.1688383-4824911.pdf,10.56193-matim.1688383-4824911.pdf,.pdf,1018555,0a22b73717f78f33b741bd57c669c675784401ef4f8068c0dd01933edc80fbe6,2026-07-11T18:22:33+00:00,False,
Machinery_Article/10.56193-matim.1908951-5811200.pdf,10.56193-matim.1908951-5811200.pdf,.pdf,645532,dc62f87ab661ffa8d2dda3e779e968baeb25e5e126b465765d65bf9dedf77a3e,2026-07-11T17:57:17+00:00,False,
Machinery_Article/10.56193-matim.1912755-5829351.pdf,10.56193-matim.1912755-5829351.pdf,.pdf,476311,8ed2a1c728bb1466eeea4eb03e3978920566493a13b7ad0508f51306b5374652,2026-07-11T18:53:09+00:00,False,
Machinery_Article/10.64808-engineeringperspective.1808611-5352451.pdf,10.64808-engineeringperspective.1808611-5352451.pdf,.pdf,954707,e7e7e16b5f736ec2e1172724c43770652378bd4eed615de383b6e3b8bc1848fc,2026-07-12T18:18:56+00:00,False,
Machinery_Article/10.7240-jeps.1080386-2280116.pdf,10.7240-jeps.1080386-2280116.pdf,.pdf,837498,9cadb0418e75a518a0d3cda4f860b88145093098da7a6ea40fa7049ffc7fa9d4,2026-07-11T17:08:52+00:00,False,
Machinery_Article/10.7240-jeps.450383-718329.pdf,10.7240-jeps.450383-718329.pdf,.pdf,2855556,36c167909b0fb10a1ba623a406be0c9ca76ab88667b7db23abd7e753fff02199,2026-07-12T17:00:00+00:00,False,
Machinery_Article/10.7240-jeps.450866-718330.pdf,10.7240-jeps.450866-718330.pdf,.pdf,2428702,7a8bf244b0381209c5848c2f00e1c70823b934f12c1b3ba919d56010fe2d48e0,2026-07-12T16:46:16+00:00,False,
Machinery_Article/10.7240-jeps.451359-718332.pdf,10.7240-jeps.451359-718332.pdf,.pdf,942742,82edc8ca42cc5b5fec48f0b41fabc427e177abaae0864d0be894b194ed182a69,2026-07-11T18:04:12+00:00,False,
Machinery_Article/10.7240-marufbd.291836-275768.pdf,10.7240-marufbd.291836-275768.pdf,.pdf,518659,a786cf3d92b1c83fe9b692d3b45fc68ea28a4dd0af81b3ae19a1b82cd213a493,2026-07-11T18:13:07+00:00,False,
Machinery_Article/10.7240-mufbed.v24i4.318-165568.pdf,10.7240-mufbed.v24i4.318-165568.pdf,.pdf,2263989,0e0bc1816a5381394b5ef61dbc6677f19d4e814436aadd5b1d63a40e456c6fb4,2026-07-12T17:16:19+00:00,False,
Machinery_Article/15-5 PH Çelik Malzemesinin Kriyojenik Talaşlı  İmalat Sürecinde Yüzey Bütünlüğü Analizi[#419087]-464518.pdf,15-5 PH Çelik Malzemesinin Kriyojenik Talaşlı  İmalat Sürecinde Yüzey Bütünlüğü Analizi[#419087]-464518.pdf,.pdf,2419773,99df21867834d9ebe8bdcc99e98606f8754deac7d081ebabfaf6f0539f5e9838,2026-07-11T16:59:17+00:00,False,
Machinery_Article/2035349_yayin.xml,2035349_yayin.xml,.xml,5300,317c4d5dc3514722917a6af58dafc1a0e439d102b45d28836683e018341eff30,2026-07-25T09:29:01+00:00,False,
Machinery_Article/3 BOYUTLU YAZICI KULLANIMININ ÖĞRENCİLERİN AR-GE YETENEKLERİNİN GELİŞİMİNE ETKİSİNİN İNCELENMESİ_ OSTİM TEKNİK ÜNİVERSİTESİ MESLEK YÜKSEKOKULUNDA ÖRNEK BİR UYGULAMA[#655392]-1081654.pdf,3 BOYUTLU YAZICI KULLANIMININ ÖĞRENCİLERİN AR-GE YETENEKLERİNİN GELİŞİMİNE ETKİSİNİN İNCELENMESİ_ OSTİM TEKNİK ÜNİVERSİTESİ MESLEK YÜKSEKOKULUNDA ÖRNEK BİR UYGULAMA[#655392]-1081654.pdf,.pdf,1149627,7551958fffa54326ba8cc0a403d0e16111b22db7d014b5f9c15aa7045a5d7d33,2026-07-11T18:56:52+00:00,False,
Machinery_Article/5 EKSEN CNC HASSAS LASTİK YANAK İŞLEME[#376651]-401570 (1).pdf,5 EKSEN CNC HASSAS LASTİK YANAK İŞLEME[#376651]-401570 (1).pdf,.pdf,567470,b67885f9f5c00bbdec3e4cef10271e0badd932d8f80365a0199ef7355d66d9a6,2026-07-12T17:19:12+00:00,True,
Machinery_Article/5 EKSEN CNC HASSAS LASTİK YANAK İŞLEME[#376651]-401570 (2).pdf,5 EKSEN CNC HASSAS LASTİK YANAK İŞLEME[#376651]-401570 (2).pdf,.pdf,567470,b67885f9f5c00bbdec3e4cef10271e0badd932d8f80365a0199ef7355d66d9a6,2026-07-12T17:19:25+00:00,True,Machinery_Article/5 EKSEN CNC HASSAS LASTİK YANAK İŞLEME[#376651]-401570 (1).pdf
Machinery_Article/5 EKSEN CNC HASSAS LASTİK YANAK İŞLEME[#376651]-401570.pdf,5 EKSEN CNC HASSAS LASTİK YANAK İŞLEME[#376651]-401570.pdf,.pdf,567470,b67885f9f5c00bbdec3e4cef10271e0badd932d8f80365a0199ef7355d66d9a6,2026-07-12T17:19:05+00:00,False,Machinery_Article/5 EKSEN CNC HASSAS LASTİK YANAK İŞLEME[#376651]-401570 (1).pdf
Machinery_Article/6 (1).pdf,6 (1).pdf,.pdf,462304,e44c69718a0ef859a8daf68e3f3b0efc37bdfbdd6b3ad37db915d4de67ad31e5,2026-07-24T15:24:50+00:00,True,
Machinery_Article/6 (2).pdf,6 (2).pdf,.pdf,462304,e44c69718a0ef859a8daf68e3f3b0efc37bdfbdd6b3ad37db915d4de67ad31e5,2026-07-24T15:27:12+00:00,True,Machinery_Article/6 (1).pdf
Machinery_Article/6.pdf,6.pdf,.pdf,462304,e44c69718a0ef859a8daf68e3f3b0efc37bdfbdd6b3ad37db915d4de67ad31e5,2026-07-24T14:25:24+00:00,False,Machinery_Article/6 (1).pdf
Machinery_Article/6kesici-takimlardaki-asinmalar (1).pdf,6kesici-takimlardaki-asinmalar (1).pdf,.pdf,313694,afea290e849df6ec5bafdeda5bd03de9c5474dd9207e7b21ca8f68e301a108f0,2026-07-25T10:29:44+00:00,True,
Machinery_Article/6kesici-takimlardaki-asinmalar.pdf,6kesici-takimlardaki-asinmalar.pdf,.pdf,313694,afea290e849df6ec5bafdeda5bd03de9c5474dd9207e7b21ca8f68e301a108f0,2026-07-25T10:21:34+00:00,False,Machinery_Article/6kesici-takimlardaki-asinmalar (1).pdf
Machinery_Article/8aedb8880cab8c4_ek.pdf,8aedb8880cab8c4_ek.pdf,.pdf,276581,05af329c0a0117f1e85ad4591b246300c2fc5fbd80d186d5a0655cb586e62ab2,2026-07-25T10:25:39+00:00,False,
Machinery_Article/AA2014 (T6) Alaşımının İşlenebilirlik Özelliklerine Kesici Takım Geometrisinin Etkisi[#429015]-481030.pdf,AA2014 (T6) Alaşımının İşlenebilirlik Özelliklerine Kesici Takım Geometrisinin Etkisi[#429015]-481030.pdf,.pdf,5195734,59e6239a820a49d4c7cf5d33b3538fda610db989b76008bdd34f10f81c414381,2026-07-11T17:49:10+00:00,False,
Machinery_Article/AISI 1040 çeliğin tornalamasında kesme parametrelerinin kesme kuvvetine etkisi[#312725]-302748.pdf,AISI 1040 çeliğin tornalamasında kesme parametrelerinin kesme kuvvetine etkisi[#312725]-302748.pdf,.pdf,525568,e8d3ec69261cd4c787fcb25b79ccb7f52a79af0afe2e42d469eeb11d313395ac,2026-07-11T18:43:40+00:00,False,
Machinery_Article/AISI 1040 Çeliğinin Tornalanmasında Yüzey Pürüzlülüğünün Çoklu Regresyon ile İncelenmesi[#532501]-658028.pdf,AISI 1040 Çeliğinin Tornalanmasında Yüzey Pürüzlülüğünün Çoklu Regresyon ile İncelenmesi[#532501]-658028.pdf,.pdf,480286,8056383d41f96f08dee782ff37bedf6407fe868c60f024c35974438a1e90e28c,2026-07-11T18:01:01+00:00,False,
Machinery_Article/AISI 1050 çeliğin tornalanmasında kesme parametrelerinin yüzey pürüzlülüğü ve talaş oluşumu üzerine etkilerinin araştırılması[#782173]-1246275.pdf,AISI 1050 çeliğin tornalanmasında kesme parametrelerinin yüzey pürüzlülüğü ve talaş oluşumu üzerine etkilerinin araştırılması[#782173]-1246275.pdf,.pdf,1171774,24ae0799934a2dd3b5c09b78a141c756e59d19f344afcd8480602256f39782a4,2026-07-11T17:56:29+00:00,False,
Machinery_Article/AISI 304 ÖSTENİTİK PASLANMAZ ÇELİKLERİN FARKLI  KESME PARAMETRELERİ İLE TORNALAMA İŞLEMİNDEN  SONRA OLUŞAN KALICI GERİLMELERİN ARAŞTIRILMASI[#88289]-75506.pdf,AISI 304 ÖSTENİTİK PASLANMAZ ÇELİKLERİN FARKLI  KESME PARAMETRELERİ İLE TORNALAMA İŞLEMİNDEN  SONRA OLUŞAN KALICI GERİLMELERİN ARAŞTIRILMASI[#88289]-75506.pdf,.pdf,523839,2169d93a3f5b522550a17a58be6a9898d7654e9228136037f6d1d9dea15aff1e,2026-07-11T18:22:47+00:00,False,
Machinery_Article/AISI 316L Paslanmaz Çeliğin Diş Tornalama İşlemi Sırasında Farklı Kesme Stratejilerinin ve Parametrelerinin Yüzey Kalitesi ve Kesici Takım Aşınması Üzerindeki Etkilerinin Optimizasyonu ve Araştırılması.pdf,AISI 316L Paslanmaz Çeliğin Diş Tornalama İşlemi Sırasında Farklı Kesme Stratejilerinin ve Parametrelerinin Yüzey Kalitesi ve Kesici Takım Aşınması Üzerindeki Etkilerinin Optimizasyonu ve Araştırılması.pdf,.pdf,670187,9472ee61569f39a7cb72b311591e5751791fe9483a06d2e987c3a51280351c1e,2026-07-11T18:01:22+00:00,False,
Machinery_Article/AISI 420 Martenzitik Paslanmaz Çeliğin Delinebilirliğinin Sonlu Elemanlar Yöntemiyle Analizi[#462262]-605177.pdf,AISI 420 Martenzitik Paslanmaz Çeliğin Delinebilirliğinin Sonlu Elemanlar Yöntemiyle Analizi[#462262]-605177.pdf,.pdf,1091523,496a34b329a8e3ff8c2c65e654770c18e44f28f1a07f7a07f3fda4f6d4ae021d,2026-07-11T18:39:24+00:00,False,
Machinery_Article/AL 7075 Malzemenin CNC Frezeleme İşleminde Oluşan Isıl Hataların CAD-CAM ve Sonlu Elemanlar Analizi ile Düzeltilerek İyileştirilmesi[#1164469]-2606030.pdf,AL 7075 Malzemenin CNC Frezeleme İşleminde Oluşan Isıl Hataların CAD-CAM ve Sonlu Elemanlar Analizi ile Düzeltilerek İyileştirilmesi[#1164469]-2606030.pdf,.pdf,1643527,c0288f775e8d350c7cdf12cb527730ad1dd11e7a4e86763daff9193bdc795a3b,2026-07-11T17:15:40+00:00,False,
Machinery_Article/Al-SiCp MMK'LERDE PARTİKÜL TAKVİYE ORANININ MEKANİK ÖZELLİKLERE VE İŞLENEBİLİRLİĞİNE ETKİSİNİN ARAŞTIRILMASI[#218518]-191075.pdf,Al-SiCp MMK'LERDE PARTİKÜL TAKVİYE ORANININ MEKANİK ÖZELLİKLERE VE İŞLENEBİLİRLİĞİNE ETKİSİNİN ARAŞTIRILMASI[#218518]-191075.pdf,.pdf,376141,985851e3b7632d52c176ea44cdffe9d2aca97d982c6caa0589a13ac24b7cd405,2026-07-11T18:13:29+00:00,False,
Machinery_Article/Alüminyum Al6061-T6‘nın İşlenmesinde Sürtme Kuvvetinin Hesaplanması ve Sürtünme Katsayısının Etkisinin Araştırılması[#678391]-1067306.pdf,Alüminyum Al6061-T6‘nın İşlenmesinde Sürtme Kuvvetinin Hesaplanması ve Sürtünme Katsayısının Etkisinin Araştırılması[#678391]-1067306.pdf,.pdf,727767,8d59e64d3ecbe99c0a9b78d826ca678d9dcbe579b987361ba8754cae12d14a75,2026-07-11T19:16:16+00:00,False,
Machinery_Article/An Evaluation on Machining Processes for Sustainable Manufacturing[#97369]-83478.pdf,An Evaluation on Machining Processes for Sustainable Manufacturing[#97369]-83478.pdf,.pdf,478145,6f54d06311cb9dc7c7b5b146e24b40449ad2440977b1de4d569f7331709a5f86,2026-07-12T17:11:30+00:00,False,
Machinery_Article/An Experimental Investigation of the Ultrasonic-Assisted Machining of  Ti-6Al-4V[#456065]-717083.pdf,An Experimental Investigation of the Ultrasonic-Assisted Machining of  Ti-6Al-4V[#456065]-717083.pdf,.pdf,1031986,f17f2ecfc7da0d7a2cce4a0e95d224e46830dbda7a2099c111a47035f09342b2,2026-07-12T16:57:56+00:00,False,
Machinery_Article/AN OPTIMIZE SYSTEM OF USING CUTTING FLUID IN MACHINING OPERATION FOR LIGHT WORK MACHINE SHOP[#251183]-217686 (1).pdf,AN OPTIMIZE SYSTEM OF USING CUTTING FLUID IN MACHINING OPERATION FOR LIGHT WORK MACHINE SHOP[#251183]-217686 (1).pdf,.pdf,255846,b37176223e6e3726908ac0d416096142614d887f2e6548a865044bf5db34f62b,2026-07-12T17:25:02+00:00,True,
Machinery_Article/AN OPTIMIZE SYSTEM OF USING CUTTING FLUID IN MACHINING OPERATION FOR LIGHT WORK MACHINE SHOP[#251183]-217686.pdf,AN OPTIMIZE SYSTEM OF USING CUTTING FLUID IN MACHINING OPERATION FOR LIGHT WORK MACHINE SHOP[#251183]-217686.pdf,.pdf,255846,b37176223e6e3726908ac0d416096142614d887f2e6548a865044bf5db34f62b,2026-07-12T17:24:54+00:00,False,Machinery_Article/AN OPTIMIZE SYSTEM OF USING CUTTING FLUID IN MACHINING OPERATION FOR LIGHT WORK MACHINE SHOP[#251183]-217686 (1).pdf
"Machinery_Article/ANALYSIS OF SURFACE ROUGHNESS, SOUND LEVEL, VIBRATION AND CURRENT WHEN MACHINING AISI 1040 STEEL[#1010685]-2030525.pdf","ANALYSIS OF SURFACE ROUGHNESS, SOUND LEVEL, VIBRATION AND CURRENT WHEN MACHINING AISI 1040 STEEL[#1010685]-2030525.pdf",.pdf,1126837,9973b55308ed30e2f98b81f6a6171ae167b8b40842fa292a9ae4188029def84f,2026-07-12T18:18:12+00:00,False,
Machinery_Article/ANALYSIS OF THERMAL EXPANSION AND MICRO-DELAMINATION PHENOMENON OF CUTTING TOOL THIN SURFACE COATINGS IN HIGH-SPEED DRY MACHINING[#466818]-618756.pdf,ANALYSIS OF THERMAL EXPANSION AND MICRO-DELAMINATION PHENOMENON OF CUTTING TOOL THIN SURFACE COATINGS IN HIGH-SPEED DRY MACHINING[#466818]-618756.pdf,.pdf,1408504,9706f6addc36f5024fb0eb25d257300f85ac29a39c6941d5862f53e2487b36dd,2026-07-12T17:14:34+00:00,False,
Machinery_Article/Analysis-of-different-strategies-for-the-prediction-of-hydro-abrasive_2025_W.pdf,Analysis-of-different-strategies-for-the-prediction-of-hydro-abrasive_2025_W.pdf,.pdf,5091967,dab3dd950f550c9bb54da2a1c0c8ad3c4b0149116edfa9570adab0b7efe95976,2026-07-25T06:38:58+00:00,False,
Machinery_Article/Analysis-of-tool-wear-and-surface-integrity-in-turning-wrought-and-a_2025_We.pdf,Analysis-of-tool-wear-and-surface-integrity-in-turning-wrought-and-a_2025_We.pdf,.pdf,14909834,d35423d2bc8c909c74410eaab05b830cf0dc18bc3ef7bf6c29c41998ebf41305,2026-07-25T06:39:04+00:00,False,
Machinery_Article/Aısı 1006 Çeliğinin Tornalama Sürecinde Kesici Takım Uç Yarıçapının Kesme Sıcaklığı Ve Kesme Kuvveti Üzerindeki Etkisinin Numerik Olarak İncelenmesi[#230949]-200945.pdf,Aısı 1006 Çeliğinin Tornalama Sürecinde Kesici Takım Uç Yarıçapının Kesme Sıcaklığı Ve Kesme Kuvveti Üzerindeki Etkisinin Numerik Olarak İncelenmesi[#230949]-200945.pdf,.pdf,475677,fc04b0414f518415f5656acd8d623808ab5fcb7b97a0c0693dd1c00c03c4b3f8,2026-07-11T18:29:27+00:00,False,
Machinery_Article/Aısı 316l Çeliğinin İşlenmesinde Takım Radyüsü Ve Kesme Parametrelerinin Taguchi Yöntemiyle Optimizasyonu[#89106]-76296.pdf,Aısı 316l Çeliğinin İşlenmesinde Takım Radyüsü Ve Kesme Parametrelerinin Taguchi Yöntemiyle Optimizasyonu[#89106]-76296.pdf,.pdf,391414,210f0bd9d6dec6a42b6a3d0ed946ec2ac5bb111a0b0bcc0ef1fa2f55c555c891,2026-07-11T18:07:37+00:00,False,
Machinery_Article/BAKIR ORANININ DEMİR-ESASLI YAPISAL TOZ METAL MALZEMELERİN MEKANİK ÖZELLİKLERİ VE DELİNEBİLİRLİĞİNE ETKİSİNİN ARAŞTIRILMASI[#88724]-75937.pdf,BAKIR ORANININ DEMİR-ESASLI YAPISAL TOZ METAL MALZEMELERİN MEKANİK ÖZELLİKLERİ VE DELİNEBİLİRLİĞİNE ETKİSİNİN ARAŞTIRILMASI[#88724]-75937.pdf,.pdf,774393,a6adb51413a34d1c6a5496ee741d6390223beb72040753322bd253892a722130,2026-07-11T17:09:29+00:00,False,
Machinery_Article/Bakıma Yönelik Tasarım ve Uygulamaları[#612541]-795490.pdf,Bakıma Yönelik Tasarım ve Uygulamaları[#612541]-795490.pdf,.pdf,1999153,ae2bf41aedad6603826ea742db875a88391ba19fc993f091beb22bf9d1b3cc0e,2026-07-11T18:55:58+00:00,False,
Machinery_Article/Bakırın kimyasal işlenmesi[#312681]-302703.pdf,Bakırın kimyasal işlenmesi[#312681]-302703.pdf,.pdf,389884,792c45bbdf2ff0c539997585d22b5d60b8ccd8710119c6475e720091b490dc5e,2026-07-12T17:17:35+00:00,False,
Machinery_Article/Bir Robot Tutucunun Yorulma Hasarının Bilgisayar Destekli Mühendislik   BDM  ile Araştırılması[#805703]-1329118.pdf,Bir Robot Tutucunun Yorulma Hasarının Bilgisayar Destekli Mühendislik   BDM  ile Araştırılması[#805703]-1329118.pdf,.pdf,476292,f4db8d2fcfc677ff2ee7d416d7e0c649c275478ea4d437511d5d025b56049cff,2026-07-11T17:47:19+00:00,False,
Machinery_Article/BİRİM İŞYERİ İÇİN MALİYET UNSURLARINI DİKKATE ALAN KESME KOŞULLARI OPTİMİZASYONU[#246164]-214001.pdf,BİRİM İŞYERİ İÇİN MALİYET UNSURLARINI DİKKATE ALAN KESME KOŞULLARI OPTİMİZASYONU[#246164]-214001.pdf,.pdf,4283636,b94d7cebc4673b919620c3c69d2af28253256c395e10f1da15db67c3ad5c198d,2026-07-11T17:49:49+00:00,False,
Machinery_Article/buildings-15-02570-v2.pdf,buildings-15-02570-v2.pdf,.pdf,1600207,56bc8998bd9701c2bfb6178bbcc8ba8a17c59dbb04721f8660d42a09d598791e,2026-07-11T16:41:28+00:00,False,
Machinery_Article/Cam Elyaf Takviyeli Plastik Kompozitlerde Delme Parametrelerinin Deformasyon Faktörüne Etkisinin Araştırılması[#314595]-304805.pdf,Cam Elyaf Takviyeli Plastik Kompozitlerde Delme Parametrelerinin Deformasyon Faktörüne Etkisinin Araştırılması[#314595]-304805.pdf,.pdf,807901,4b4206f2ed74a30ba96eb7b342bab9fac6e507d41475721520a24ee6a1ccf765,2026-07-11T18:07:20+00:00,False,
Machinery_Article/CHATTER STABILITY ANALYSIS APPROACH FOR STABILITY ANALYSIS OF ROTATING MACHINERY VIBRATIONS[#313787]-325724.pdf,CHATTER STABILITY ANALYSIS APPROACH FOR STABILITY ANALYSIS OF ROTATING MACHINERY VIBRATIONS[#313787]-325724.pdf,.pdf,1250522,f7b0a652c238205a2b37096ae32594cc5201a8d601fe200622e6ff212d046b50,2026-07-12T16:48:23+00:00,False,
Machinery_Article/Closed-form-solutions-for-simplified-fretting-wear-profiles-predicti_2025_We.pdf,Closed-form-solutions-for-simplified-fretting-wear-profiles-predicti_2025_We.pdf,.pdf,6298073,2cdcfcd29468d278cdad02e05b6c823bde6fc7b68a39cf98e0b704e5f175d43b,2026-07-25T06:39:04+00:00,False,
Machinery_Article/Co ve Cr İÇEREN SERT MALZEMELERİN PLAZMA ARKI İLE ISITILARAK TALAŞLI İŞLENEBİLİRLİKLERİNİN ARAŞTIRILMASI[#219034]-191591.pdf,Co ve Cr İÇEREN SERT MALZEMELERİN PLAZMA ARKI İLE ISITILARAK TALAŞLI İŞLENEBİLİRLİKLERİNİN ARAŞTIRILMASI[#219034]-191591.pdf,.pdf,849858,ddbab57b36ec9b1d555260eb121372004463d5db0abdb8a0b0cf507953cea37a,2026-07-11T18:11:03+00:00,False,
Machinery_Article/CoCrW Alaşımının Yüzey Özelliklerinin İyileştirilmesi için ZIF-8 Sentezi ve Elektroforetik Biriktirme ile Kaplanması[#1596644]-4418330.pdf,CoCrW Alaşımının Yüzey Özelliklerinin İyileştirilmesi için ZIF-8 Sentezi ve Elektroforetik Biriktirme ile Kaplanması[#1596644]-4418330.pdf,.pdf,1052072,c005055970712493c0350d5fcf6dfc7a5759567213edd3b41e8ef3278fa89763,2026-07-11T19:05:17+00:00,False,
Machinery_Article/Comparison of hole surface finishing processes with roller burnishing method applied in copper materials[#97642]-83607.pdf,Comparison of hole surface finishing processes with roller burnishing method applied in copper materials[#97642]-83607.pdf,.pdf,2456806,9df841a2a208c5195acf8de50bee4e649f15560fa0cf6b6a5bb13d3df418d9de,2026-07-12T18:17:09+00:00,False,
Machinery_Article/Correlation-between-wear-and-fatigue-properties-and-the-lifetime-of-_2025_We.pdf,Correlation-between-wear-and-fatigue-properties-and-the-lifetime-of-_2025_We.pdf,.pdf,16649188,1b33480ab0d6ae3cb7a1bf5b85d9038a4cf84fdcd87209b7c76dc2224b822c92,2026-07-25T06:39:16+00:00,False,
Machinery_Article/CUTTING TOOL SELECTION FOR MACHINING METAL MATRIX COMPOSITES[#1193649]-2727103 (1).pdf,CUTTING TOOL SELECTION FOR MACHINING METAL MATRIX COMPOSITES[#1193649]-2727103 (1).pdf,.pdf,611864,98edfea581ad16c99fa62b1614c006ce4f60bf3c37dd307f6ce79039d5d31007,2026-07-12T17:22:26+00:00,True,
Machinery_Article/CUTTING TOOL SELECTION FOR MACHINING METAL MATRIX COMPOSITES[#1193649]-2727103.pdf,CUTTING TOOL SELECTION FOR MACHINING METAL MATRIX COMPOSITES[#1193649]-2727103.pdf,.pdf,611864,98edfea581ad16c99fa62b1614c006ce4f60bf3c37dd307f6ce79039d5d31007,2026-07-12T17:21:36+00:00,False,Machinery_Article/CUTTING TOOL SELECTION FOR MACHINING METAL MATRIX COMPOSITES[#1193649]-2727103 (1).pdf
Machinery_Article/DEMİR DIŞI METAL MALZEMELERDEN DÖVME YÖNTEMİ İLE EL ALETİ ÜRETİMİ[#331465]-329472.pdf,DEMİR DIŞI METAL MALZEMELERDEN DÖVME YÖNTEMİ İLE EL ALETİ ÜRETİMİ[#331465]-329472.pdf,.pdf,1266935,5d9f5075c66fc0f2b1185e3784d129b61a969e47217fd74f54f327cc33735188,2026-07-11T18:48:14+00:00,False,
Machinery_Article/Deney Tasarımının Ürün ve Süreçlerin Geliştirilmesinde Önemi_ Otomobil Endüstrisindeki Bir Fabrikada Uygulaması[#1045279]-2154530.pdf,Deney Tasarımının Ürün ve Süreçlerin Geliştirilmesinde Önemi_ Otomobil Endüstrisindeki Bir Fabrikada Uygulaması[#1045279]-2154530.pdf,.pdf,528420,4dd67b4fabaff089755442cff11dde564c690deaf8a9fbb907b07028dddb635c,2026-07-11T18:02:48+00:00,False,
Machinery_Article/dergipark makale sırası_12.7.2026.PNG,dergipark makale sırası_12.7.2026.PNG,.png,86814,481bcb10965f900dda76d315e7731d1eb80b2950e67f6a2d80ff25aadf05f9a6,2026-07-12T19:15:53+00:00,False,
Machinery_Article/Ders Notları/05talas (1).pdf,05talas (1).pdf,.pdf,1560655,20ecca34ab635fdcdd352efd261673172a124f4afebd3bb6e5d6efd5d0df811d,2026-07-24T14:28:24+00:00,True,
Machinery_Article/Ders Notları/05talas (2).pdf,05talas (2).pdf,.pdf,1560655,20ecca34ab635fdcdd352efd261673172a124f4afebd3bb6e5d6efd5d0df811d,2026-07-24T14:39:12+00:00,True,Machinery_Article/Ders Notları/05talas (1).pdf
Machinery_Article/Ders Notları/05talas (3).pdf,05talas (3).pdf,.pdf,1560655,20ecca34ab635fdcdd352efd261673172a124f4afebd3bb6e5d6efd5d0df811d,2026-07-24T15:23:21+00:00,True,Machinery_Article/Ders Notları/05talas (1).pdf
Machinery_Article/Ders Notları/05talas (4).pdf,05talas (4).pdf,.pdf,1560655,20ecca34ab635fdcdd352efd261673172a124f4afebd3bb6e5d6efd5d0df811d,2026-07-25T09:18:52+00:00,True,Machinery_Article/Ders Notları/05talas (1).pdf
Machinery_Article/Ders Notları/05talas.pdf,05talas.pdf,.pdf,1560655,20ecca34ab635fdcdd352efd261673172a124f4afebd3bb6e5d6efd5d0df811d,2026-07-25T09:21:19+00:00,False,Machinery_Article/Ders Notları/05talas (1).pdf
Machinery_Article/Ders Notları/10699-e9e718c1-ff17-4b5b-9774-db0842d37f190 (1).pdf,10699-e9e718c1-ff17-4b5b-9774-db0842d37f190 (1).pdf,.pdf,4204080,a92f0bb915fdd3608a8bcb75a77d221dca6bfceaaae478c7bac72fa5050e6f85,2026-07-24T15:40:26+00:00,True,
Machinery_Article/Ders Notları/10699-e9e718c1-ff17-4b5b-9774-db0842d37f190.pdf,10699-e9e718c1-ff17-4b5b-9774-db0842d37f190.pdf,.pdf,4204080,a92f0bb915fdd3608a8bcb75a77d221dca6bfceaaae478c7bac72fa5050e6f85,2026-07-24T15:38:25+00:00,False,Machinery_Article/Ders Notları/10699-e9e718c1-ff17-4b5b-9774-db0842d37f190 (1).pdf
Machinery_Article/Ders Notları/12215214_imalat_iYlemleri_ders_notu_ (1).pdf,12215214_imalat_iYlemleri_ders_notu_ (1).pdf,.pdf,3161577,d009c9b8098b6d6c8b45213ae065526e4d45b0de66257c5e4141f1ddfa362499,2026-07-24T14:23:24+00:00,True,
Machinery_Article/Ders Notları/12215214_imalat_iYlemleri_ders_notu_ (2).pdf,12215214_imalat_iYlemleri_ders_notu_ (2).pdf,.pdf,3161577,d009c9b8098b6d6c8b45213ae065526e4d45b0de66257c5e4141f1ddfa362499,2026-07-24T14:50:12+00:00,True,Machinery_Article/Ders Notları/12215214_imalat_iYlemleri_ders_notu_ (1).pdf
Machinery_Article/Ders Notları/12215214_imalat_iYlemleri_ders_notu_.pdf,12215214_imalat_iYlemleri_ders_notu_.pdf,.pdf,3161577,d009c9b8098b6d6c8b45213ae065526e4d45b0de66257c5e4141f1ddfa362499,2026-07-24T14:22:58+00:00,False,Machinery_Article/Ders Notları/12215214_imalat_iYlemleri_ders_notu_ (1).pdf
Machinery_Article/Ders Notları/19.Machinery's handbook (1).pdf,19.Machinery's handbook (1).pdf,.pdf,33224617,014d2b9b63458ccc4d02ff96e4ab2557f1243b6f9eec3a9ed918f1bb35403ccb,2026-07-24T14:46:52+00:00,True,
Machinery_Article/Ders Notları/19.Machinery's handbook (2).pdf,19.Machinery's handbook (2).pdf,.pdf,33224617,014d2b9b63458ccc4d02ff96e4ab2557f1243b6f9eec3a9ed918f1bb35403ccb,2026-07-24T14:48:57+00:00,True,Machinery_Article/Ders Notları/19.Machinery's handbook (1).pdf
Machinery_Article/Ders Notları/19.Machinery's handbook (3).pdf,19.Machinery's handbook (3).pdf,.pdf,33224617,014d2b9b63458ccc4d02ff96e4ab2557f1243b6f9eec3a9ed918f1bb35403ccb,2026-07-24T15:00:09+00:00,True,Machinery_Article/Ders Notları/19.Machinery's handbook (1).pdf
Machinery_Article/Ders Notları/19.Machinery's handbook.pdf,19.Machinery's handbook.pdf,.pdf,33224617,014d2b9b63458ccc4d02ff96e4ab2557f1243b6f9eec3a9ed918f1bb35403ccb,2026-07-24T14:42:42+00:00,False,Machinery_Article/Ders Notları/19.Machinery's handbook (1).pdf
Machinery_Article/Ders Notları/432166255_makine-ve-techizat-unite-5-www.isgbolumu.com_ (1).pdf,432166255_makine-ve-techizat-unite-5-www.isgbolumu.com_ (1).pdf,.pdf,1810257,13fd6bc2e428ef561f0e12c65d038dcb3768f57585ae79b98b84a3fb0aef0ea1,2026-07-24T14:28:40+00:00,True,
Machinery_Article/Ders Notları/432166255_makine-ve-techizat-unite-5-www.isgbolumu.com_.pdf,432166255_makine-ve-techizat-unite-5-www.isgbolumu.com_.pdf,.pdf,1810257,13fd6bc2e428ef561f0e12c65d038dcb3768f57585ae79b98b84a3fb0aef0ea1,2026-07-24T14:22:34+00:00,False,Machinery_Article/Ders Notları/432166255_makine-ve-techizat-unite-5-www.isgbolumu.com_ (1).pdf
Machinery_Article/Ders Notları/6a63860e7da35.pdf,6a63860e7da35.pdf,.pdf,8492158,deea7ccc41d9117d2d80f6dce687a17aac67307e8a4dc7f346d0f5a9254d171d,2026-07-24T15:34:57+00:00,False,
Machinery_Article/Ders Notları/6kesici-takimlardaki-asinmalar.pdf,6kesici-takimlardaki-asinmalar.pdf,.pdf,313694,afea290e849df6ec5bafdeda5bd03de9c5474dd9207e7b21ca8f68e301a108f0,2026-07-25T09:26:56+00:00,False,Machinery_Article/6kesici-takimlardaki-asinmalar (1).pdf
Machinery_Article/Ders Notları/71ec52fa-f47a-466a-96e9-9c08d89412c3 (1).pdf,71ec52fa-f47a-466a-96e9-9c08d89412c3 (1).pdf,.pdf,3158959,4e0263ea0deec69d16ba0da02ebd15e468238864dbeeaae17f05abe1d6089428,2026-07-24T15:48:15+00:00,True,
Machinery_Article/Ders Notları/71ec52fa-f47a-466a-96e9-9c08d89412c3.pdf,71ec52fa-f47a-466a-96e9-9c08d89412c3.pdf,.pdf,3158959,4e0263ea0deec69d16ba0da02ebd15e468238864dbeeaae17f05abe1d6089428,2026-07-24T15:29:24+00:00,False,Machinery_Article/Ders Notları/71ec52fa-f47a-466a-96e9-9c08d89412c3 (1).pdf
Machinery_Article/Ders Notları/8aedb8880cab8c4_ek.pdf,8aedb8880cab8c4_ek.pdf,.pdf,276581,05af329c0a0117f1e85ad4591b246300c2fc5fbd80d186d5a0655cb586e62ab2,2026-07-25T09:27:38+00:00,False,Machinery_Article/8aedb8880cab8c4_ek.pdf
Machinery_Article/Ders Notları/951225882_imalat_islemleri_i_ders_notlari (1).pdf,951225882_imalat_islemleri_i_ders_notlari (1).pdf,.pdf,4021359,39026a9a93343a1a37b0793c8e5f40b98a5a394c90e8958f06c288ecba8fd19c,2026-07-24T15:44:17+00:00,True,
Machinery_Article/Ders Notları/951225882_imalat_islemleri_i_ders_notlari.pdf,951225882_imalat_islemleri_i_ders_notlari.pdf,.pdf,4021359,39026a9a93343a1a37b0793c8e5f40b98a5a394c90e8958f06c288ecba8fd19c,2026-07-24T15:30:11+00:00,False,Machinery_Article/Ders Notları/951225882_imalat_islemleri_i_ders_notlari (1).pdf
Machinery_Article/Ders Notları/Babbage_Charles_On_the_Economy_of_Machinery_and_Manufactures.pdf,Babbage_Charles_On_the_Economy_of_Machinery_and_Manufactures.pdf,.pdf,4718036,b68e3aa48e9e3c568ea0034f453cd2bbfc32832b1df3b724fd3d0d3eba208f4a,2026-07-24T14:57:03+00:00,False,
Machinery_Article/Ders Notları/CatiaV5R7 Prismatic Machining Book.pdf,CatiaV5R7 Prismatic Machining Book.pdf,.pdf,4737708,aeacc10cedb377a0df33e9018dce07d0b537b0f3410c09f1e58a22add09e8a68,2026-07-24T14:56:14+00:00,False,
Machinery_Article/Ders Notları/ch04-PSV Esaslari (1).pdf,ch04-PSV Esaslari (1).pdf,.pdf,584844,659914aa317fe1767ed8cebeb2f58f8060e0671890e2c76757ef1b0189aa2502,2026-07-24T14:31:24+00:00,True,
Machinery_Article/Ders Notları/ch04-PSV Esaslari (2).pdf,ch04-PSV Esaslari (2).pdf,.pdf,584844,659914aa317fe1767ed8cebeb2f58f8060e0671890e2c76757ef1b0189aa2502,2026-07-24T14:32:23+00:00,True,Machinery_Article/Ders Notları/ch04-PSV Esaslari (1).pdf
Machinery_Article/Ders Notları/ch04-PSV Esaslari (3).pdf,ch04-PSV Esaslari (3).pdf,.pdf,584844,659914aa317fe1767ed8cebeb2f58f8060e0671890e2c76757ef1b0189aa2502,2026-07-24T14:32:38+00:00,True,Machinery_Article/Ders Notları/ch04-PSV Esaslari (1).pdf
Machinery_Article/Ders Notları/ch04-PSV Esaslari.pdf,ch04-PSV Esaslari.pdf,.pdf,584844,659914aa317fe1767ed8cebeb2f58f8060e0671890e2c76757ef1b0189aa2502,2026-07-24T14:30:51+00:00,False,Machinery_Article/Ders Notları/ch04-PSV Esaslari (1).pdf
Machinery_Article/Ders Notları/ch06-Sac PSV.pdf,ch06-Sac PSV.pdf,.pdf,1440210,11f94591d1ec7871400bfe2cf272b4165f04f6a5e7f0bd29f00d54941195d487,2026-07-24T14:31:46+00:00,False,
Machinery_Article/Ders Notları/ch21-Talas Kaldirmanin Teorisi (1).pdf,ch21-Talas Kaldirmanin Teorisi (1).pdf,.pdf,5728055,c156ef68f64eff5f308f0c60c0e3129bd7543debf1bde0d35bcbef72cf2a5ea6,2026-07-24T14:29:52+00:00,True,
Machinery_Article/Ders Notları/ch21-Talas Kaldirmanin Teorisi (2).pdf,ch21-Talas Kaldirmanin Teorisi (2).pdf,.pdf,5728055,c156ef68f64eff5f308f0c60c0e3129bd7543debf1bde0d35bcbef72cf2a5ea6,2026-07-24T14:30:03+00:00,True,Machinery_Article/Ders Notları/ch21-Talas Kaldirmanin Teorisi (1).pdf
Machinery_Article/Ders Notları/ch21-Talas Kaldirmanin Teorisi (3).pdf,ch21-Talas Kaldirmanin Teorisi (3).pdf,.pdf,5728055,c156ef68f64eff5f308f0c60c0e3129bd7543debf1bde0d35bcbef72cf2a5ea6,2026-07-24T14:33:27+00:00,True,Machinery_Article/Ders Notları/ch21-Talas Kaldirmanin Teorisi (1).pdf
Machinery_Article/Ders Notları/ch21-Talas Kaldirmanin Teorisi (4).pdf,ch21-Talas Kaldirmanin Teorisi (4).pdf,.pdf,5728055,c156ef68f64eff5f308f0c60c0e3129bd7543debf1bde0d35bcbef72cf2a5ea6,2026-07-24T15:26:28+00:00,True,Machinery_Article/Ders Notları/ch21-Talas Kaldirmanin Teorisi (1).pdf
Machinery_Article/Ders Notları/ch21-Talas Kaldirmanin Teorisi (5).pdf,ch21-Talas Kaldirmanin Teorisi (5).pdf,.pdf,5728055,c156ef68f64eff5f308f0c60c0e3129bd7543debf1bde0d35bcbef72cf2a5ea6,2026-07-25T09:17:19+00:00,True,Machinery_Article/Ders Notları/ch21-Talas Kaldirmanin Teorisi (1).pdf
Machinery_Article/Ders Notları/ch21-Talas Kaldirmanin Teorisi.pdf,ch21-Talas Kaldirmanin Teorisi.pdf,.pdf,5728055,c156ef68f64eff5f308f0c60c0e3129bd7543debf1bde0d35bcbef72cf2a5ea6,2026-07-24T14:29:40+00:00,False,Machinery_Article/Ders Notları/ch21-Talas Kaldirmanin Teorisi (1).pdf
Machinery_Article/Ders Notları/ch22-Talasli Imalat Yontemleri.pdf,ch22-Talasli Imalat Yontemleri.pdf,.pdf,16369718,025ea0618b426d18e9880f8988d560a31b3bcf3a7387a04494abb8e17c36a6f7,2026-07-24T14:21:10+00:00,False,
Machinery_Article/Ders Notları/ch23-Takim Teknolojisi (1).pdf,ch23-Takim Teknolojisi (1).pdf,.pdf,4230729,1c1872a3e88010c03ddf49e7d3c6aae178f9f5e77c8dda27cb60b61f5a2d3f34,2026-07-25T09:27:20+00:00,True,
Machinery_Article/Ders Notları/ch23-Takim Teknolojisi.pdf,ch23-Takim Teknolojisi.pdf,.pdf,4230729,1c1872a3e88010c03ddf49e7d3c6aae178f9f5e77c8dda27cb60b61f5a2d3f34,2026-07-24T14:32:55+00:00,False,Machinery_Article/Ders Notları/ch23-Takim Teknolojisi (1).pdf
Machinery_Article/Ders Notları/Ch24 Talasli Islemede Ekonomi ve Tasarim ilkeleri.pdf,Ch24 Talasli Islemede Ekonomi ve Tasarim ilkeleri.pdf,.pdf,2124764,5a0e478e24cffd60ce45ae3676b9634f6629c1cd4f942c34bf8e99f01d601ce6,2026-07-24T14:30:20+00:00,False,
Machinery_Article/Ders Notları/eminerdin@hititedutr110520185B2N4W5Y (1).pdf,eminerdin@hititedutr110520185B2N4W5Y (1).pdf,.pdf,5715625,3fa50000bb64fa04797eec22f65b768ada7dbce7447604b14893c39e5a3a7134,2026-07-25T09:21:30+00:00,True,
Machinery_Article/Ders Notları/eminerdin@hititedutr110520185B2N4W5Y.pdf,eminerdin@hititedutr110520185B2N4W5Y.pdf,.pdf,5715625,3fa50000bb64fa04797eec22f65b768ada7dbce7447604b14893c39e5a3a7134,2026-07-24T14:21:50+00:00,False,Machinery_Article/Ders Notları/eminerdin@hititedutr110520185B2N4W5Y (1).pdf
Machinery_Article/Ders Notları/file_17314351121Fr90.pdf,file_17314351121Fr90.pdf,.pdf,32457321,a041a94221ce87e61937984c33d5febeba357e3d457bdc91f0df895b88974d01,2026-07-24T14:55:56+00:00,False,
Machinery_Article/Ders Notları/foy (1).pdf,foy (1).pdf,.pdf,372268,dc1939eb194b3ebd2bdc68a50c78d9485ffaaf8876573b3e0e8e2f479d852a71,2026-07-24T15:34:48+00:00,True,
Machinery_Article/Ders Notları/foy (2).pdf,foy (2).pdf,.pdf,372268,dc1939eb194b3ebd2bdc68a50c78d9485ffaaf8876573b3e0e8e2f479d852a71,2026-07-24T15:42:16+00:00,True,Machinery_Article/Ders Notları/foy (1).pdf
Machinery_Article/Ders Notları/foy.pdf,foy.pdf,.pdf,372268,dc1939eb194b3ebd2bdc68a50c78d9485ffaaf8876573b3e0e8e2f479d852a71,2026-07-24T15:34:01+00:00,False,Machinery_Article/Ders Notları/foy (1).pdf
Machinery_Article/Ders Notları/FREZELEME VE FREZELER.pdf,FREZELEME VE FREZELER.pdf,.pdf,410133,6f5cfd8da5d46dc5b81e53b4dd2e144fde5fee9a36ee6458b79cbfa2ed86908c,2026-07-24T15:41:25+00:00,False,
Machinery_Article/Ders Notları/İNCE TALAŞ KALDIRMA HONLAMA.pdf,İNCE TALAŞ KALDIRMA HONLAMA.pdf,.pdf,461088,e2159c429f10b606f009eed765b4bb93015ee83e1fd88d2b3f9d3d0968fc6d61,2026-07-24T15:42:33+00:00,False,
Machinery_Article/Ders Notları/İNCE TALAŞ KALDIRMA-TAŞLAMA.pdf,İNCE TALAŞ KALDIRMA-TAŞLAMA.pdf,.pdf,408853,bf9a0425601f37b570387dee07c154b0142115dfdf20971523834062a3827bdf,2026-07-24T15:42:24+00:00,False,
Machinery_Article/Ders Notları/İNCE TALAŞ KALDIRMA.pdf,İNCE TALAŞ KALDIRMA.pdf,.pdf,408853,bf9a0425601f37b570387dee07c154b0142115dfdf20971523834062a3827bdf,2026-07-24T15:41:51+00:00,False,Machinery_Article/Ders Notları/İNCE TALAŞ KALDIRMA-TAŞLAMA.pdf
Machinery_Article/Ders Notları/KESME VE KESKİLER.pdf,KESME VE KESKİLER.pdf,.pdf,444205,6f3bab682d86805e7141cdcfc9300ced7e6a306f8f57f9d72f5e58a0f08f3ac3,2026-07-24T15:43:24+00:00,False,
Machinery_Article/Ders Notları/Kinematics of Machinery Digital Notes.pdf,Kinematics of Machinery Digital Notes.pdf,.pdf,18138623,d581b92ce6f0578a720513f8017a18e265faa82f8861245290abfa7adce38c4f,2026-07-24T15:19:53+00:00,False,
Machinery_Article/Ders Notları/KLAVUZ VE PAFTA TAKIMLARI.pdf,KLAVUZ VE PAFTA TAKIMLARI.pdf,.pdf,431599,6fcfc23ac2dbcc5c3d53e42a21c4f94185a847bad911bbc68919cf8d2f248589,2026-07-24T15:41:09+00:00,False,
"Machinery_Article/Ders Notları/Machinery's handbook pocket companion _ a reference book for the mechanical engineer, designer, manufacturing engineer, draftsman, toolmaker, and machinist.pdf","Machinery's handbook pocket companion _ a reference book for the mechanical engineer, designer, manufacturing engineer, draftsman, toolmaker, and machinist.pdf",.pdf,8959697,93885e415a5290d2d5d1ec29960474a4d2eb195247a44439880cc59a39b67515,2026-07-24T14:47:03+00:00,False,
Machinery_Article/Ders Notları/Machinery_s_Handbook_29th_Edition-1.pdf,Machinery_s_Handbook_29th_Edition-1.pdf,.pdf,26025361,83859b291b335be07c2aa22e40b52ffececc6b0024191fff8c723ca8af87c42c,2026-07-24T14:43:56+00:00,False,
Machinery_Article/Ders Notları/MachinerysHandbkOBERG.pdf,MachinerysHandbkOBERG.pdf,.pdf,45887755,ec63ee5c4cbd0ce01a92f814ad873962fea5eb7eb7748ff388cf46ab72a9353b,2026-07-24T14:49:08+00:00,False,
Machinery_Article/Ders Notları/mak448talasli-imalat (1).pdf,mak448talasli-imalat (1).pdf,.pdf,5018566,89cfa6fbde41922b7c3081ce364577ad3e3a1203a7bb08eb4249ee9b06199562,2026-07-25T09:19:07+00:00,True,
Machinery_Article/Ders Notları/mak448talasli-imalat (2).pdf,mak448talasli-imalat (2).pdf,.pdf,5018566,89cfa6fbde41922b7c3081ce364577ad3e3a1203a7bb08eb4249ee9b06199562,2026-07-25T09:21:43+00:00,True,Machinery_Article/Ders Notları/mak448talasli-imalat (1).pdf
Machinery_Article/Ders Notları/mak448talasli-imalat.pdf,mak448talasli-imalat.pdf,.pdf,5018566,89cfa6fbde41922b7c3081ce364577ad3e3a1203a7bb08eb4249ee9b06199562,2026-07-24T15:24:04+00:00,False,Machinery_Article/Ders Notları/mak448talasli-imalat (1).pdf
Machinery_Article/Ders Notları/Mechanical Movements 507.pdf,Mechanical Movements 507.pdf,.pdf,18508822,0ab1dc71c27ac5d0a147415fea4a7b8ce5bd574c5c8983bf5ea7aed14c6f78aa,2026-07-24T14:54:28+00:00,False,
Machinery_Article/Ders Notları/MEKANİK ATÖLYELERDE KULLANILAN ÖLÇÜ ALETLERİ VE DİĞER YARDIMCI ALETLER.pdf,MEKANİK ATÖLYELERDE KULLANILAN ÖLÇÜ ALETLERİ VE DİĞER YARDIMCI ALETLER.pdf,.pdf,925067,0a87156d5b6a1f7044829fee49a78591a58b1f6dbbbe74dc6b74fce5d31dd597,2026-07-24T15:43:50+00:00,False,
Machinery_Article/Ders Notları/Metal Machining - Theory and Applications (2000).pdf,Metal Machining - Theory and Applications (2000).pdf,.pdf,2970444,2c31643b3d552429eaa7b3412f7e631354a81b719bb7f98e53795a19a837526a,2026-07-24T14:54:13+00:00,True,
Machinery_Article/Ders Notları/MTT2025GOİY1108.pdf,MTT2025GOİY1108.pdf,.pdf,32815246,2931109b766d310348c6e2a7fffd2edaf7b3a98818b7a970dd41168a38eaeb88,2026-07-24T14:38:42+00:00,False,
Machinery_Article/Ders Notları/MTT2025Tİİ0902.pdf,MTT2025Tİİ0902.pdf,.pdf,13890307,e5dbd5d669dd9bba38131b40861f368e0301b8feeb2c5c7d5e071acc799565a1,2026-07-24T14:25:10+00:00,False,
"Machinery_Article/Ders Notları/Principles & Practice of Automatic Process Control (2nd Ed, 1997).pdf","Principles & Practice of Automatic Process Control (2nd Ed, 1997).pdf",.pdf,18850319,d3393abbad879b5ec8a4bd832095fd0765470edd50d85a9b4943f83bfc2c8e3f,2026-07-24T14:55:15+00:00,False,
Machinery_Article/Ders Notları/Taslama ve Ileri Isleme Yont.pdf,Taslama ve Ileri Isleme Yont.pdf,.pdf,6238995,9073f15841aa3cd4fe382539e00635c1d5671c3ca9c6600e335961093be2cc19,2026-07-24T14:33:52+00:00,False,
Machinery_Article/Ders Notları/Temel Tornalama 1.pdf,Temel Tornalama 1.pdf,.pdf,3747837,3b2339772a6e6b2ad82feb681340673627b76acf508ecf1deea48d3a85ce8fb5,2026-07-24T15:33:46+00:00,False,
Machinery_Article/Ders Notları/temel-tornalama-ic59flemleri-i1.pdf,temel-tornalama-ic59flemleri-i1.pdf,.pdf,6721881,cbd513319fa1d67718137493dc1255a8b93efaa4c4d352456af9125fdbc38dff,2026-07-24T15:34:33+00:00,False,
Machinery_Article/Ders Notları/TORNA TEZGÂHI VE TORNA İŞLERİ.pdf,TORNA TEZGÂHI VE TORNA İŞLERİ.pdf,.pdf,1186876,cbc4027cae15f14b875481e03d97dec89dfe9bd420839b21e510b3ec845348ef,2026-07-24T15:42:58+00:00,False,
Machinery_Article/Design & modeling a novel Atomic Force Microscope (AFM) for detect roughness in turning machining[#564278]-713700.docx,Design & modeling a novel Atomic Force Microscope (AFM) for detect roughness in turning machining[#564278]-713700.docx,.docx,910681,92a6c4c15db93549c85b8eacba7c00e0b3af654af621c1ae844957fef70f1a42,2026-07-12T18:13:58+00:00,False,
Machinery_Article/Designing a special cutting tool for high performance machining of CuZn40Pb2 brass alloy[#1062241]-2209608.pdf,Designing a special cutting tool for high performance machining of CuZn40Pb2 brass alloy[#1062241]-2209608.pdf,.pdf,1081044,ceaffc86a7a254a5a391f4056a3a8b3b3727e4a16563a93164469da94055ac95,2026-07-12T18:12:44+00:00,False,
Machinery_Article/Determination of Machining Parameters Affecting Surface Roughness of MDF Using the Taguchi and RSM Methods[#527794]-787997.pdf,Determination of Machining Parameters Affecting Surface Roughness of MDF Using the Taguchi and RSM Methods[#527794]-787997.pdf,.pdf,2646485,3c7f4973aaa886d8af79410813b3cfdbc7d1542ab9c92e702de05c460d2b1a39,2026-07-12T16:46:50+00:00,False,
Machinery_Article/DETERMINATION OF OPTIMUM CUTTING PARAMETERS ON FREE FORM SURFACES IN TERMS OF FORM ERRORS AND MACHINING TIMES[#1013481]-2041461.pdf,DETERMINATION OF OPTIMUM CUTTING PARAMETERS ON FREE FORM SURFACES IN TERMS OF FORM ERRORS AND MACHINING TIMES[#1013481]-2041461.pdf,.pdf,565554,a6bd451dfe004e28a4e28a114c35f52d3254b330f5fecc67a982074e233493d1,2026-07-12T18:14:40+00:00,False,
Machinery_Article/Development and Testing of a Cutting Force Dynamometer for Milling[#367001]-384430.pdf,Development and Testing of a Cutting Force Dynamometer for Milling[#367001]-384430.pdf,.pdf,213643,ffb5a534a0e647877bfa928e03b18e349724a9f072865fe2c4713aca95388495,2026-07-12T16:51:46+00:00,False,
Machinery_Article/Döner Tüp Takım Kullanarak Elektrokimyasal Delme Yönteminin Deneysel İncelenmesi Ve Geliştirilmesi[#89158]-76340.pdf,Döner Tüp Takım Kullanarak Elektrokimyasal Delme Yönteminin Deneysel İncelenmesi Ve Geliştirilmesi[#89158]-76340.pdf,.pdf,846821,958e424cb3344beb96ea6cf1832dbb4e547b6c73f4b7c43037c59f04d6b86cab,2026-07-11T18:20:22+00:00,False,
Machinery_Article/Editorial-Board_2025_Wear.pdf,Editorial-Board_2025_Wear.pdf,.pdf,90632,ab9dcf11dc5f7c02a60faf2f12266e3627e715004474de4ca39b64e2ba8ba67b,2026-07-25T06:39:28+00:00,False,
Machinery_Article/Effect of Edge Trimming Parameters on Surface Quality of Carbon Fiber Reinforced Polymer Composites[#516977]-632951.pdf,Effect of Edge Trimming Parameters on Surface Quality of Carbon Fiber Reinforced Polymer Composites[#516977]-632951.pdf,.pdf,765616,fed0937edbd1b90e28037fb1f33d6b8c1beaf03e351cb65e23a6d96ed861dd5f,2026-07-12T17:09:24+00:00,False,
Machinery_Article/EFFECT OF POWDER MIXED DIELECTRIC ON MACHINING PERFORMANCE IN ELECTRIC DISCHARGE MACHINING (EDM)[#97167]-83344.pdf,EFFECT OF POWDER MIXED DIELECTRIC ON MACHINING PERFORMANCE IN ELECTRIC DISCHARGE MACHINING (EDM)[#97167]-83344.pdf,.pdf,1149004,b75f162a81a4651c0391a9481b661e43637bc8e1fb29e65b523b98dd2efa6c60,2026-07-12T17:22:14+00:00,False,
Machinery_Article/Effect of Process Parameters on Surface Quality for Wire Saw Cutting of Alumina Ceramic[#96909]-83130 (1).pdf,Effect of Process Parameters on Surface Quality for Wire Saw Cutting of Alumina Ceramic[#96909]-83130 (1).pdf,.pdf,761810,47b958c9e6af8dc57e1146619a8a3ec56a5af7b5f80c6491b6a657f59e1a9dc6,2026-07-12T18:03:50+00:00,True,
Machinery_Article/Effect of Process Parameters on Surface Quality for Wire Saw Cutting of Alumina Ceramic[#96909]-83130.pdf,Effect of Process Parameters on Surface Quality for Wire Saw Cutting of Alumina Ceramic[#96909]-83130.pdf,.pdf,761810,47b958c9e6af8dc57e1146619a8a3ec56a5af7b5f80c6491b6a657f59e1a9dc6,2026-07-12T18:03:43+00:00,False,Machinery_Article/Effect of Process Parameters on Surface Quality for Wire Saw Cutting of Alumina Ceramic[#96909]-83130 (1).pdf
Machinery_Article/Effect on the Mechanical Properties of Sintering Process of Aluminium Alloys[#651528]-914969 (1).pdf,Effect on the Mechanical Properties of Sintering Process of Aluminium Alloys[#651528]-914969 (1).pdf,.pdf,255806,1f1c5eb6c1c4b30441739449363902fc733cf50ec149c6d7d6b089dfc7d6932c,2026-07-12T17:10:42+00:00,True,
Machinery_Article/Effect on the Mechanical Properties of Sintering Process of Aluminium Alloys[#651528]-914969.pdf,Effect on the Mechanical Properties of Sintering Process of Aluminium Alloys[#651528]-914969.pdf,.pdf,255806,1f1c5eb6c1c4b30441739449363902fc733cf50ec149c6d7d6b089dfc7d6932c,2026-07-12T17:10:25+00:00,False,Machinery_Article/Effect on the Mechanical Properties of Sintering Process of Aluminium Alloys[#651528]-914969 (1).pdf
Machinery_Article/Effects-of-machining-parameters--coolant-oil-composition--and-coating_2025_W.pdf,Effects-of-machining-parameters--coolant-oil-composition--and-coating_2025_W.pdf,.pdf,6337105,4488859f02778feaea9048939e7c8315659ddd6ca20038a0e749995238149de1,2026-07-25T06:38:58+00:00,False,
Machinery_Article/Eklemeli İmalat Teknolojileri ve Kullanılan Talaşlı İmalat Yöntemleri Üzerine Yapılan Çalışmaların Değerlendirilmesi[#708049]-1081223.pdf,Eklemeli İmalat Teknolojileri ve Kullanılan Talaşlı İmalat Yöntemleri Üzerine Yapılan Çalışmaların Değerlendirilmesi[#708049]-1081223.pdf,.pdf,440610,c9c1dda4658c24de6b7ba73c1a06d1be96fda2a8412c789ce31b3a459d02f7d1,2026-07-11T16:54:32+00:00,False,
Machinery_Article/EKLEMELİ İMALAT İLE İMAL EDİLMİŞ METAL PARÇALARIN YÜZEY BİTİRME İŞLEMLERİ[#599159]-1154312.pdf,EKLEMELİ İMALAT İLE İMAL EDİLMİŞ METAL PARÇALARIN YÜZEY BİTİRME İŞLEMLERİ[#599159]-1154312.pdf,.pdf,722936,7c67229bfdc481813d5de14a8d37819b4a628bf5f37bd1c3c210d2f9112fdb63,2026-07-11T16:55:29+00:00,False,
Machinery_Article/Endodontide Blue-wire ve Gold-wire Teknolojisi ile Üretilen Yeni Nesil Nikel Titanyum Eğeler[#1051146]-2166952.pdf,Endodontide Blue-wire ve Gold-wire Teknolojisi ile Üretilen Yeni Nesil Nikel Titanyum Eğeler[#1051146]-2166952.pdf,.pdf,323495,72f58866a2c01165d2b3523674e5400c2b813413eb47f0ac5872ce6828d7e74b,2026-07-12T16:59:07+00:00,False,
Machinery_Article/Estimation-of-wear-behaviour-for-structures-of-ultrasonic-welding-so_2025_We.pdf,Estimation-of-wear-behaviour-for-structures-of-ultrasonic-welding-so_2025_We.pdf,.pdf,8212166,e3fbdb77f085c174a038722d76f9bff7c75cd29e2774fc740800582eb3ab8e11,2026-07-25T06:39:02+00:00,False,
Machinery_Article/Evaluating-the-effect-of-particle-roundness-on-three-body-wear-betwe_2025_We.pdf,Evaluating-the-effect-of-particle-roundness-on-three-body-wear-betwe_2025_We.pdf,.pdf,1948311,f38a40263da10010c4d1f5e1f9ec9762e3646b01a0ae70025af4a892a6c83e96,2026-07-25T06:38:56+00:00,False,
Machinery_Article/Experimental Investigation and Optimization of Hybrid Turning of Ti6Al7Nb Alloy Under Nanofluid Based MQL by TOPSIS Method[#1366597]-3434575.pdf,Experimental Investigation and Optimization of Hybrid Turning of Ti6Al7Nb Alloy Under Nanofluid Based MQL by TOPSIS Method[#1366597]-3434575.pdf,.pdf,965845,6c3b748394e05645c3e10e13ac3036c78674d35e0c3a2ac25fa18acff8042540,2026-07-12T17:13:54+00:00,False,
Machinery_Article/Experimental-evaluation-of-novel-alloy-powders-for-extending-service_2025_We.pdf,Experimental-evaluation-of-novel-alloy-powders-for-extending-service_2025_We.pdf,.pdf,9319591,c57eb9a0274d3b044bd580c92fa855acac859f344de10e0358b094522d9e474d,2026-07-25T06:39:08+00:00,False,
Machinery_Article/Experimental-study-of-the-tribological-performance-of-a-solid-lubric_2025_We.pdf,Experimental-study-of-the-tribological-performance-of-a-solid-lubric_2025_We.pdf,.pdf,13894071,95d1bac82183707a9ab608234e51d4f3cd52c5bdfb3ae3edc7dbf484428b7a75,2026-07-25T06:39:20+00:00,False,
"Machinery_Article/FARKLI SERTLİKLERDEKİ X210CR12 SOĞUK İŞ TAKIM ÇELİĞİNİN PARMAK FREZELEME  İŞLEMİNDE, KAPLAMALI SİNTERLENMİŞ KARBÜR VE KAPLAMALI SERMET KESİCİ  TAKIMLARIN PERFORMANSLARININ KARŞILAŞTIRILMASI[#248443]-21.pdf","FARKLI SERTLİKLERDEKİ X210CR12 SOĞUK İŞ TAKIM ÇELİĞİNİN PARMAK FREZELEME  İŞLEMİNDE, KAPLAMALI SİNTERLENMİŞ KARBÜR VE KAPLAMALI SERMET KESİCİ  TAKIMLARIN PERFORMANSLARININ KARŞILAŞTIRILMASI[#248443]-21.pdf",.pdf,798705,93913ce5434cfd134d681a52eda84d25d956ac2ba51bd06f1ddeb555ec5d3305,2026-07-11T18:08:45+00:00,False,
Machinery_Article/Farklı kesme parametreleriyle işlenmiş 316LVM paslanmaz çelik malzemesinin talaşlı imalat-yüzey bütünlüğü-aşınma direnci arasındaki ilişkinin incelenmesi[#984901]-1933602.pdf,Farklı kesme parametreleriyle işlenmiş 316LVM paslanmaz çelik malzemesinin talaşlı imalat-yüzey bütünlüğü-aşınma direnci arasındaki ilişkinin incelenmesi[#984901]-1933602.pdf,.pdf,1347487,d527420a3507336c128c3912b4caf0ad46418bcbc5e013a845bddd8052020f86,2026-07-11T17:09:08+00:00,False,
Machinery_Article/FDM ile Üretilen PET-G Malzemenin Üretim Sıcaklığı ve Hızının Boyutsal Doğruluğa Etkisi[#622734]-859226.pdf,FDM ile Üretilen PET-G Malzemenin Üretim Sıcaklığı ve Hızının Boyutsal Doğruluğa Etkisi[#622734]-859226.pdf,.pdf,855096,f24cafe3bc98f424a39acce2828827d18f1ae38ee246adc74f5163b50f9a5a89,2026-07-11T19:17:54+00:00,False,
Machinery_Article/Ferritik paslanmaz çeliğin nano MoS2 parçacık takviyeli kesme sıvısı kullanılarak  MQL yöntemi ile frezelenmesinde yüzey pürüzlülüğünün incelenmesi[#312848]-302878.pdf,Ferritik paslanmaz çeliğin nano MoS2 parçacık takviyeli kesme sıvısı kullanılarak  MQL yöntemi ile frezelenmesinde yüzey pürüzlülüğünün incelenmesi[#312848]-302878.pdf,.pdf,573596,9d4bff8688b903d8e8c2b609fb436bbf8dc3f06e13f457b231db66cb62eea569,2026-07-11T17:24:10+00:00,False,
Machinery_Article/FREZELEME İŞLEMİNDE MOTOR GÜCÜNÜN VERİMLİ KULLANIMINA ESNEK BİR YAKLAŞIM[#218839]-191396.pdf,FREZELEME İŞLEMİNDE MOTOR GÜCÜNÜN VERİMLİ KULLANIMINA ESNEK BİR YAKLAŞIM[#218839]-191396.pdf,.pdf,178695,301a507f9e747bf0264688ec42342b767f30cb8d28cc096d0c2be64db5a279fc,2026-07-12T18:09:11+00:00,False,
Machinery_Article/geleneksel_kitap_ierik.pdf,geleneksel_kitap_ierik.pdf,.pdf,1393880,ea10f7ae5f3c99a5978d01a04ccc6d50998881224da1884cc83d1cb5be30c8d0,2026-07-24T14:39:39+00:00,False,
Machinery_Article/GENETİK PROGRAMLAMA İLE İMALAT İÇİN YÜZEY PÜRÜZLÜLÜK MODELİ GELİŞTİRİLMESİ[#88856]-76069 (1).doc,GENETİK PROGRAMLAMA İLE İMALAT İÇİN YÜZEY PÜRÜZLÜLÜK MODELİ GELİŞTİRİLMESİ[#88856]-76069 (1).doc,.doc,600576,0a9858df4b0234f32e32020864ad7e62ec976ff63f3623df84a21c86cb6f2164,2026-07-11T18:15:10+00:00,True,
Machinery_Article/GEÇMİŞTEN GÜNÜMÜZE TAKIM TEZGAHI TEKNOLOJİLERİNDEKİ GELİŞMELERİN GENİŞ BİR PERSPEKTİFLE İNCELENMESİ[#1592292]-4398264.pdf,GEÇMİŞTEN GÜNÜMÜZE TAKIM TEZGAHI TEKNOLOJİLERİNDEKİ GELİŞMELERİN GENİŞ BİR PERSPEKTİFLE İNCELENMESİ[#1592292]-4398264.pdf,.pdf,2660237,0410f5bfeba22207f6b333c1b1986a4592ce3ec2af28e2976f84ab34bb3b3159,2026-07-11T17:08:37+00:00,False,
"Machinery_Article/HADDELEME (GALETAJ) İLE 5083 Al-Mg MALZEME YÜZEYİNİN İŞLENMESİ, HADDELEME PARAMETRELERİNİN YÜZEY PÜRÜZLÜLÜĞÜ VE YÜZEY SERTLİĞİNE ETKİLERİNİN İNCELENMESİ[#98305]-83838.pdf","HADDELEME (GALETAJ) İLE 5083 Al-Mg MALZEME YÜZEYİNİN İŞLENMESİ, HADDELEME PARAMETRELERİNİN YÜZEY PÜRÜZLÜLÜĞÜ VE YÜZEY SERTLİĞİNE ETKİLERİNİN İNCELENMESİ[#98305]-83838.pdf",.pdf,738790,c723858f6a12d6ad68a5b05e5f7b0e8f93a91fcefd4597c2e76a6766ba61c156,2026-07-11T18:05:03+00:00,False,
"Machinery_Article/Haddeleme işleminin silindirik parçalarda uygulaması, deney sonuçlarının yapay sinir ağları ile modellenmesi[#312818]-302849.pdf","Haddeleme işleminin silindirik parçalarda uygulaması, deney sonuçlarının yapay sinir ağları ile modellenmesi[#312818]-302849.pdf",.pdf,769244,dbb387c203f777cdccc3033c98346cff6116180c547101d734403cf9b613cff2,2026-07-11T17:51:29+00:00,False,
Machinery_Article/Hard turning of high-carbon high chromium tool steel using CBN tools under different lubricating-cooling conditions[#516005]-631545.docx,Hard turning of high-carbon high chromium tool steel using CBN tools under different lubricating-cooling conditions[#516005]-631545.docx,.docx,1449326,79310533591562f29c0cda1123c190422eaa6e631a114b2ff4a2a4282dbdb76c,2026-07-12T16:49:02+00:00,False,
Machinery_Article/Hastelloy X Süperalaşımının Frezelenmesinde Farklı Parçacık Boyutlu Al2O3 Esaslı Nanoakışkanların İşleme Performansı Üzerindeki Etkileri[#1588023]-4378669.pdf,Hastelloy X Süperalaşımının Frezelenmesinde Farklı Parçacık Boyutlu Al2O3 Esaslı Nanoakışkanların İşleme Performansı Üzerindeki Etkileri[#1588023]-4378669.pdf,.pdf,1175418,a98e0c2fd7d81ee2d5ff96b4646f6f5d1f2102b55f364230421c00a77cfd51ff,2026-07-11T18:59:10+00:00,False,
Machinery_Article/HIZLI PROTOTİPLEME TEKNOLOJİLERİ VE UYGULAMA ALANLARI[#404617]-439427.pdf,HIZLI PROTOTİPLEME TEKNOLOJİLERİ VE UYGULAMA ALANLARI[#404617]-439427.pdf,.pdf,3758653,784cc8d8a737e2a1731d0a184f9a5a8694c01afdf61dae34e2fbd8286bc845c7,2026-07-11T17:05:23+00:00,False,
Machinery_Article/HİBRİT İMALAT_ EKLEMELİ İMALAT İLE TALAŞLI İMALAT YÖNTEMLERİNİN BİRLİKTE KULLANILABİLİRLİĞİNİN İNCELENMESİ[#466869]-613415.pdf,HİBRİT İMALAT_ EKLEMELİ İMALAT İLE TALAŞLI İMALAT YÖNTEMLERİNİN BİRLİKTE KULLANILABİLİRLİĞİNİN İNCELENMESİ[#466869]-613415.pdf,.pdf,273603,9b48f3d14e045887dc37fe8ef1836354938deb053ed2cc49327471d5f910d1cc,2026-07-11T16:53:06+00:00,False,
Machinery_Article/Hot ultrasonic assisted machining modelling of Ti6Al4V in terms of power consumption[#1062255]-2209657.pdf,Hot ultrasonic assisted machining modelling of Ti6Al4V in terms of power consumption[#1062255]-2209657.pdf,.pdf,817511,076dec16fbf90c23777bcec5af499c2421886f61352cf49686c879ebff11b36f,2026-07-12T17:12:03+00:00,False,
Machinery_Article/How-transfer-film-formation-in-bronze-silver-graphite-sliding-contac_2025_We.pdf,How-transfer-film-formation-in-bronze-silver-graphite-sliding-contac_2025_We.pdf,.pdf,20367800,ce31ec83944a5638b65d16e04a213f64fca462f6d27b6518b0ef0afe85971fec,2026-07-25T06:38:54+00:00,False,
Machinery_Article/HSS Torna Kalemindeki Talaş Açısının Kesme Kuvvetlerine Etkisi[#366969]-384397.pdf,HSS Torna Kalemindeki Talaş Açısının Kesme Kuvvetlerine Etkisi[#366969]-384397.pdf,.pdf,1478046,17b7fc6cb67f6a237543046de77b11d25eec4f40503ce10831b8e382aba09c99,2026-07-12T18:17:24+00:00,False,
Machinery_Article/Hızlı Donma Prototipleme Yöntemi ile Parça Üretimi[#368037]-385726.pdf,Hızlı Donma Prototipleme Yöntemi ile Parça Üretimi[#368037]-385726.pdf,.pdf,682025,b96fb9db8b9d87fd36692ad4b422af0ab92f48943ee574380c11f45b464c8080,2026-07-11T16:54:08+00:00,False,
Machinery_Article/Identifying-lifetime-determining-processes-in-third-body-controlled_2025_Wea.pdf,Identifying-lifetime-determining-processes-in-third-body-controlled_2025_Wea.pdf,.pdf,6180909,2b911feb734a3326b427e4036d009ae93815d067c46ca1e8c190e3b0244d91bc,2026-07-25T06:39:16+00:00,False,
Machinery_Article/imalat_akts_28112019.docx,imalat_akts_28112019.docx,.docx,1006698,9e8c6420c17badebb6e2918f05320e20e7eacdfb6cac87982607a05dfd77717f,2026-07-24T15:38:44+00:00,False,
Machinery_Article/Impact-of-cutting-tool-and-workpiece-material-on-initial-notch-wear_2025_Wea.pdf,Impact-of-cutting-tool-and-workpiece-material-on-initial-notch-wear_2025_Wea.pdf,.pdf,11339828,31609740d0449893f4a1fd130819f7a89bd5d1704b077d3ddc0c9ee88549668a,2026-07-25T06:39:18+00:00,False,
Machinery_Article/Importance-of-contact-geometry-for-experimental-tribological-researc_2025_We.pdf,Importance-of-contact-geometry-for-experimental-tribological-researc_2025_We.pdf,.pdf,11007248,e7f6d9f4abd1b202673644d6ac3dab7891835ca03e334da700d9070120c244b2,2026-07-25T06:39:16+00:00,False,
Machinery_Article/Improving the RF Performance of Ceramics Using Laser Assisted Machining[#1012066]-2035789.pdf,Improving the RF Performance of Ceramics Using Laser Assisted Machining[#1012066]-2035789.pdf,.pdf,662926,0acda025472a83a80a30aca5bd9d1a2db2b9877f493ee14935590a98b608e700,2026-07-12T18:01:32+00:00,False,
Machinery_Article/INCONEL 718 ALAŞIMININ SERAMİK TAKIMLA TORNADA İŞLENEBİLİRLİĞİNE ETKİ EDEN FAKTÖRLERİN TAGUCHI METHODU İLE ARAŞTIRILMASI[#667354]-908796.pdf,INCONEL 718 ALAŞIMININ SERAMİK TAKIMLA TORNADA İŞLENEBİLİRLİĞİNE ETKİ EDEN FAKTÖRLERİN TAGUCHI METHODU İLE ARAŞTIRILMASI[#667354]-908796.pdf,.pdf,833189,dd3917ba9da4bb83e8c0dde75fb9399e0028f93cfa2d5a6451ad496f3b3ab58a,2026-07-11T18:03:13+00:00,False,
Machinery_Article/Increasing Production Efficiency with Using Internet of Things and Instant Data Analysis Methods on Machining Sector[#512668]-626097.pdf,Increasing Production Efficiency with Using Internet of Things and Instant Data Analysis Methods on Machining Sector[#512668]-626097.pdf,.pdf,1425183,6e8efeabd6e23b59d926883f6f05c8b3ca60c53e47e71a5e2c90e23a3446e1bb,2026-07-11T18:11:54+00:00,False,
Machinery_Article/Influence of Coolant on the Performance of Electro Discharge Hole Drilling[#420525]-467155.pdf,Influence of Coolant on the Performance of Electro Discharge Hole Drilling[#420525]-467155.pdf,.pdf,692314,e26fe54002c520f42e1c0e181303fb2ecf2536facbdd1414cb9ca7a9ea11473b,2026-07-12T16:44:46+00:00,False,
Machinery_Article/Influence-of-aggregate-minerals-hardness-and-quartz-content-on-long-_2025_We.pdf,Influence-of-aggregate-minerals-hardness-and-quartz-content-on-long-_2025_We.pdf,.pdf,5958039,9d8cce7b2ccd3b6f677db9c7de3efa4cf708ccd560a5634b79c6f72efca63db1,2026-07-25T06:38:56+00:00,False,
Machinery_Article/Influence-of-biodiesel-and-water-dilution-on-ZDDP-antiwear-performan_2025_We.pdf,Influence-of-biodiesel-and-water-dilution-on-ZDDP-antiwear-performan_2025_We.pdf,.pdf,19770601,31fcac8f85ad5d00abc93faf9278ed1ea9755cac3d6398f177c211493eb51b28,2026-07-25T06:39:26+00:00,False,
Machinery_Article/Influence-of-heat-treatment-on-the-wear-behavior-of-an-Al-Cu-Mg-Sn-M_2025_We.pdf,Influence-of-heat-treatment-on-the-wear-behavior-of-an-Al-Cu-Mg-Sn-M_2025_We.pdf,.pdf,13136246,e13edc6e555660f5098c07e105398e4cfc02212b4f8a076c8f015bbe67de753a,2026-07-25T06:39:18+00:00,False,
Machinery_Article/Influence-of-the-design-of-Ti--C--N--based-cermets-with-alternative-_2025_We.pdf,Influence-of-the-design-of-Ti--C--N--based-cermets-with-alternative-_2025_We.pdf,.pdf,24975487,f6d7eaba8ac4ac7f91930fe6c3af1571ec5ab02aa48a75ad4ae275c48c70e065,2026-07-25T06:39:14+00:00,False,
Machinery_Article/Integrated-measurement-of-tool-wear-in-punching-processes-using-a-pn_2025_We.pdf,Integrated-measurement-of-tool-wear-in-punching-processes-using-a-pn_2025_We.pdf,.pdf,1449588,b9dc5f90d8bbdafc0d9807c282fa94ee8eb6fac969eca9d1685890d94135023d,2026-07-25T06:39:18+00:00,False,
Machinery_Article/Investigation of Chaoticity of Vibrations in Machining[#979663]-1912305 (1).pdf,Investigation of Chaoticity of Vibrations in Machining[#979663]-1912305 (1).pdf,.pdf,1049208,e19e8a26ab29ad1e97add8ea8f58a0b6738d5feed21806a9790588b30655dece,2026-07-12T17:17:19+00:00,True,
Machinery_Article/Investigation of Chaoticity of Vibrations in Machining[#979663]-1912305.pdf,Investigation of Chaoticity of Vibrations in Machining[#979663]-1912305.pdf,.pdf,1049208,e19e8a26ab29ad1e97add8ea8f58a0b6738d5feed21806a9790588b30655dece,2026-07-12T17:17:14+00:00,False,Machinery_Article/Investigation of Chaoticity of Vibrations in Machining[#979663]-1912305 (1).pdf
Machinery_Article/Investigation of sustainable machining of TI-6AL-4V using graphene enhanced minimum quantity lubrication[#1642039]-4619408.pdf,Investigation of sustainable machining of TI-6AL-4V using graphene enhanced minimum quantity lubrication[#1642039]-4619408.pdf,.pdf,987016,5f8f10fac3fb1c81be49b00cc44cb47f1741c22580411f59dd2f5c68a0a76fa3,2026-07-12T18:04:11+00:00,False,
Machinery_Article/Investigation of the Effect of Cutting Parameters and Tool Holder on Surface Roughness and Machining Precision in Al 7075-T6 Milling Operation[#1294363]-3130783.pdf,Investigation of the Effect of Cutting Parameters and Tool Holder on Surface Roughness and Machining Precision in Al 7075-T6 Milling Operation[#1294363]-3130783.pdf,.pdf,3634515,bc84a93054e325c0ed59c606c262ad0340f849b44f09f432eee8905c0a9b6cf3,2026-07-11T18:21:51+00:00,False,
Machinery_Article/Investigation of the Effects of EDM Parameters on Surface Roughness[#1011972]-2035399 (1).pdf,Investigation of the Effects of EDM Parameters on Surface Roughness[#1011972]-2035399 (1).pdf,.pdf,546609,601bf0bc4349c91d5e5c42d6531f168e059587b6bf4dda8b4cb329222d46165a,2026-07-12T18:15:48+00:00,True,
Machinery_Article/Investigation of the Effects of EDM Parameters on Surface Roughness[#1011972]-2035399.pdf,Investigation of the Effects of EDM Parameters on Surface Roughness[#1011972]-2035399.pdf,.pdf,546609,601bf0bc4349c91d5e5c42d6531f168e059587b6bf4dda8b4cb329222d46165a,2026-07-12T18:15:41+00:00,False,Machinery_Article/Investigation of the Effects of EDM Parameters on Surface Roughness[#1011972]-2035399 (1).pdf
Machinery_Article/Investigation of the machining performance of ferritic ductile cast iron in WEDM using response surface methodology[#1093168]-2331698.pdf,Investigation of the machining performance of ferritic ductile cast iron in WEDM using response surface methodology[#1093168]-2331698.pdf,.pdf,5941034,f98c832e6d6206d516b8b304d2d01f20cc1dc8bd8849c5110d664810773903db,2026-07-12T18:20:08+00:00,False,
Machinery_Article/Iron-aluminide-alloy-derivates---Cladding--microstructure-and-wear-r_2025_We.pdf,Iron-aluminide-alloy-derivates---Cladding--microstructure-and-wear-r_2025_We.pdf,.pdf,10445083,82d35b2f102e14cb875f8ef0f40d6de3a045c2c5983e133969610b65026f32f7,2026-07-25T06:39:20+00:00,False,
Machinery_Article/ISIL İŞLEMLE SERTLİĞİ 53 HRC'YE ÇIKARILMIŞ AISI 1050 ÇELİĞİNİN KAPLAMALI KARBÜR TAKIMLA İŞLENMESİNDE TAKIM AŞINMASININ DEĞERLENDİRİLMESİ[#218525]-191082.pdf,ISIL İŞLEMLE SERTLİĞİ 53 HRC'YE ÇIKARILMIŞ AISI 1050 ÇELİĞİNİN KAPLAMALI KARBÜR TAKIMLA İŞLENMESİNDE TAKIM AŞINMASININ DEĞERLENDİRİLMESİ[#218525]-191082.pdf,.pdf,422116,20f946416f2fd473971b2795850854153ff56ba9144ad32cf647a86a7f9e1164,2026-07-25T10:31:18+00:00,False,
Machinery_Article/ISIL İŞLEMSİZ VE KÜRESELLEŞTİRİLMİŞ Ç52100 RULMAN ÇELİĞİNİN FARKLI TAKIMLARLA İŞLENMESİNDE TAKIM ÖMRÜ VE AŞINMASININ İNCELENMESİ[#88453]-75667 (1).pdf,ISIL İŞLEMSİZ VE KÜRESELLEŞTİRİLMİŞ Ç52100 RULMAN ÇELİĞİNİN FARKLI TAKIMLARLA İŞLENMESİNDE TAKIM ÖMRÜ VE AŞINMASININ İNCELENMESİ[#88453]-75667 (1).pdf,.pdf,1302002,5a5bdb9d1edfed31fda0326d25993ae654e94143c75eb21654e5ae853ddfd1bc,2026-07-25T10:36:29+00:00,True,
Machinery_Article/ISIL İŞLEMSİZ VE KÜRESELLEŞTİRİLMİŞ Ç52100 RULMAN ÇELİĞİNİN FARKLI TAKIMLARLA İŞLENMESİNDE TAKIM ÖMRÜ VE AŞINMASININ İNCELENMESİ[#88453]-75667 (2).pdf,ISIL İŞLEMSİZ VE KÜRESELLEŞTİRİLMİŞ Ç52100 RULMAN ÇELİĞİNİN FARKLI TAKIMLARLA İŞLENMESİNDE TAKIM ÖMRÜ VE AŞINMASININ İNCELENMESİ[#88453]-75667 (2).pdf,.pdf,1302002,5a5bdb9d1edfed31fda0326d25993ae654e94143c75eb21654e5ae853ddfd1bc,2026-07-25T10:39:40+00:00,True,Machinery_Article/ISIL İŞLEMSİZ VE KÜRESELLEŞTİRİLMİŞ Ç52100 RULMAN ÇELİĞİNİN FARKLI TAKIMLARLA İŞLENMESİNDE TAKIM ÖMRÜ VE AŞINMASININ İNCELENMESİ[#88453]-75667 (1).pdf
Machinery_Article/ISIL İŞLEMSİZ VE KÜRESELLEŞTİRİLMİŞ Ç52100 RULMAN ÇELİĞİNİN FARKLI TAKIMLARLA İŞLENMESİNDE TAKIM ÖMRÜ VE AŞINMASININ İNCELENMESİ[#88453]-75667.pdf,ISIL İŞLEMSİZ VE KÜRESELLEŞTİRİLMİŞ Ç52100 RULMAN ÇELİĞİNİN FARKLI TAKIMLARLA İŞLENMESİNDE TAKIM ÖMRÜ VE AŞINMASININ İNCELENMESİ[#88453]-75667.pdf,.pdf,1302002,5a5bdb9d1edfed31fda0326d25993ae654e94143c75eb21654e5ae853ddfd1bc,2026-07-25T10:35:07+00:00,False,Machinery_Article/ISIL İŞLEMSİZ VE KÜRESELLEŞTİRİLMİŞ Ç52100 RULMAN ÇELİĞİNİN FARKLI TAKIMLARLA İŞLENMESİNDE TAKIM ÖMRÜ VE AŞINMASININ İNCELENMESİ[#88453]-75667 (1).pdf
Machinery_Article/İşleme Merkezlerinin Dinamik Analizi ve Süreçte Kararlılık Yeni Bir Analitik Modelin Uygulamaları[#428239]-479814.pdf,İşleme Merkezlerinin Dinamik Analizi ve Süreçte Kararlılık Yeni Bir Analitik Modelin Uygulamaları[#428239]-479814.pdf,.pdf,493662,f687f8523a419ed052201ad0f8f63fad1c887e640852daea99b2673b6f48a6b5,2026-07-11T18:06:04+00:00,False,
Machinery_Article/İşleme Merkezlerinin Yapısal Bileşenlerini Kullanan Bir Seçim Modelinin Geliştirilmesi[#765897]-1192047.pdf,İşleme Merkezlerinin Yapısal Bileşenlerini Kullanan Bir Seçim Modelinin Geliştirilmesi[#765897]-1192047.pdf,.pdf,1089562,1993bff1c301745e14d2df7da354c82041b8e873d20fa0c7017bf09c9a5b2a33,2026-07-11T17:56:01+00:00,False,
Machinery_Article/MACHINABILTY OF SLEIPNER COLD WORK STEEL WITH WIRE ELECTRO DISCHARGE MACHINING[#275665]-256867.pdf,MACHINABILTY OF SLEIPNER COLD WORK STEEL WITH WIRE ELECTRO DISCHARGE MACHINING[#275665]-256867.pdf,.pdf,3148756,d9defa917adbef9feed688c0832867206b6f332e4068118de805b5f27984aded,2026-07-12T18:06:44+00:00,False,
Machinery_Article/mak-112-imalat-islemleri-i.pdf,mak-112-imalat-islemleri-i.pdf,.pdf,371908,7aebb9e4823cfb2f8472580511b534629de2c22b66f84f7c2e834aaaa15634f2,2026-07-24T15:48:59+00:00,False,
Machinery_Article/Mechanical-properties-and-wear-behaviors-of-lightweight-Al3Ti-based-_2025_We.pdf,Mechanical-properties-and-wear-behaviors-of-lightweight-Al3Ti-based-_2025_We.pdf,.pdf,21013267,e3669cdae1457c3b0454a510b3ff6b517714a6b4894ce7a7c1b4970d18c9b73d,2026-07-25T06:39:12+00:00,False,
Machinery_Article/Metal MatrisliKompozitlerinTornalanmasında İlerleme__Oranının Kesici Takım Aşınma Davranışlarına Etkisi[#368013]-385700 (1).pdf,Metal MatrisliKompozitlerinTornalanmasında İlerleme__Oranının Kesici Takım Aşınma Davranışlarına Etkisi[#368013]-385700 (1).pdf,.pdf,1004144,0e685d59e04421427b6e113674c5a3c55d0bba319011b017b0adb0dba331cab1,2026-07-25T10:39:28+00:00,True,
Machinery_Article/Metal MatrisliKompozitlerinTornalanmasında İlerleme__Oranının Kesici Takım Aşınma Davranışlarına Etkisi[#368013]-385700 (2).pdf,Metal MatrisliKompozitlerinTornalanmasında İlerleme__Oranının Kesici Takım Aşınma Davranışlarına Etkisi[#368013]-385700 (2).pdf,.pdf,1004144,0e685d59e04421427b6e113674c5a3c55d0bba319011b017b0adb0dba331cab1,2026-07-25T10:39:46+00:00,True,Machinery_Article/Metal MatrisliKompozitlerinTornalanmasında İlerleme__Oranının Kesici Takım Aşınma Davranışlarına Etkisi[#368013]-385700 (1).pdf
Machinery_Article/Metal MatrisliKompozitlerinTornalanmasında İlerleme__Oranının Kesici Takım Aşınma Davranışlarına Etkisi[#368013]-385700.pdf,Metal MatrisliKompozitlerinTornalanmasında İlerleme__Oranının Kesici Takım Aşınma Davranışlarına Etkisi[#368013]-385700.pdf,.pdf,1004144,0e685d59e04421427b6e113674c5a3c55d0bba319011b017b0adb0dba331cab1,2026-07-25T10:36:10+00:00,False,Machinery_Article/Metal MatrisliKompozitlerinTornalanmasında İlerleme__Oranının Kesici Takım Aşınma Davranışlarına Etkisi[#368013]-385700 (1).pdf
Machinery_Article/Metrik Vida Açmada Alternatif Kesici Uç Yaklaşımı[#367205]-384681.pdf,Metrik Vida Açmada Alternatif Kesici Uç Yaklaşımı[#367205]-384681.pdf,.pdf,300668,4e5faa582d46eb781ceaef9a05b7fee66eff596e88a5c97915797d4bcc0f3464,2026-07-11T17:57:04+00:00,False,
Machinery_Article/Minimum Miktarda Yağlamanın Frezeleme İşlemleri Üzerine Etkisinin Araştırılması_Derleme[#342339]-390295.pdf,Minimum Miktarda Yağlamanın Frezeleme İşlemleri Üzerine Etkisinin Araştırılması_Derleme[#342339]-390295.pdf,.pdf,1789654,af28a74860cd839623e130a6b0a214a556a3da655d9c3dcebaa7df86eaf89089,2026-07-11T17:12:17+00:00,False,
Machinery_Article/Model-based-optimization-of-micromilling-AISI-H11-tool-steel--A-comp_2025_We.pdf,Model-based-optimization-of-micromilling-AISI-H11-tool-steel--A-comp_2025_We.pdf,.pdf,18079751,c9271efee26fcaf0003bdb6f33cfc676a1ce35f16657607fd072522fde5aa428,2026-07-25T06:39:02+00:00,False,
Machinery_Article/Modeling and optimum design for wire electrical discharge machining of γ titanium aluminide alloy[#1060758]-2203702.pdf,Modeling and optimum design for wire electrical discharge machining of γ titanium aluminide alloy[#1060758]-2203702.pdf,.pdf,256146,46a8d711e66067cfe29a47112c4a09f5cbf6914c13f2cbc619c98d2d7619c6fe,2026-07-12T18:17:54+00:00,False,
Machinery_Article/Multi-scale-approach-to-high-temperature-impact-of-oxides-and-worn-g_2025_We.pdf,Multi-scale-approach-to-high-temperature-impact-of-oxides-and-worn-g_2025_We.pdf,.pdf,10027530,6e2edf480741044274973a4f8493bc9d2d79ac4de3badbf0f20de8a92ab680a1,2026-07-25T06:39:28+00:00,False,
Machinery_Article/Nikel Alaşımlarının Farklı Soğutma-Yağlama Koşulları Altında Talaşlı İmalatının Kesme Kuvvetlerine Etkisi_ Bir Derleme Çalışması[#531619]-705888.pdf,Nikel Alaşımlarının Farklı Soğutma-Yağlama Koşulları Altında Talaşlı İmalatının Kesme Kuvvetlerine Etkisi_ Bir Derleme Çalışması[#531619]-705888.pdf,.pdf,991504,fdb0a5607a81971ac3e33f1671d3ad61ee9af3cc88d4d47b9a5b42b62054f57a,2026-07-11T17:04:51+00:00,False,
Machinery_Article/Numerical Investigation of Hot Ultrasonic Assisted Turning of Titanium Alloy[#368478]-826691.pdf,Numerical Investigation of Hot Ultrasonic Assisted Turning of Titanium Alloy[#368478]-826691.pdf,.pdf,697374,99561b7d7034adedc5eabb442dea3191e4e33b32f6b8396d7cfc239209fedbb3,2026-07-12T17:16:41+00:00,False,
Machinery_Article/Onaylanmayan 610855.crdownload,Onaylanmayan 610855.crdownload,.crdownload,108456792,868754528eb4dc83ad90995ee7212737a88022a5cfdf0f57fc9ab201cc481b67,2026-07-25T09:47:01+00:00,False,
Machinery_Article/Optimization of Process Parameters for Green Composites in Abrasive Water Jet Machining Process Using Neuro-Regression Analysis[#1060252]-2201678.pdf,Optimization of Process Parameters for Green Composites in Abrasive Water Jet Machining Process Using Neuro-Regression Analysis[#1060252]-2201678.pdf,.pdf,278066,9af12a2a79f684d3d1f8168fd9b68b82af05fc48f392d2b819bc4a6f77f59dfd,2026-07-12T18:07:41+00:00,False,
Machinery_Article/Optimization of the Process Parameters by the Bees Algorithm in Milling of Austempered Ductile Cast Iron (GGG70) Material[#1269357]-3028676.pdf,Optimization of the Process Parameters by the Bees Algorithm in Milling of Austempered Ductile Cast Iron (GGG70) Material[#1269357]-3028676.pdf,.pdf,1882991,97117706f1da083f3dc1616fbe125e34f6ed36269a71a1cf6315ed3936107e40,2026-07-11T19:17:27+00:00,False,
Machinery_Article/Optimization of Wire Electrical Discharge Machining Process Using Taguchi Method and Back Propagation Neural Network[#323813]-318306.pdf,Optimization of Wire Electrical Discharge Machining Process Using Taguchi Method and Back Propagation Neural Network[#323813]-318306.pdf,.pdf,589560,35e7f00c2ed9c4ec3e09dcd0ddf522ddf9585c0a19b1a553c1787ff62d38e4dc,2026-07-12T16:47:33+00:00,False,
Machinery_Article/PARALEL EKSENLERE DÖNME EKLEYEREK HYPOCYCLOİD YÜZEYLERİN TALAŞLI İŞLENMESİ_ BÖLÜM 1_ TAKIM GÖVDESİNİN GEOMETRİSİ[#245862]-213701.pdf,PARALEL EKSENLERE DÖNME EKLEYEREK HYPOCYCLOİD YÜZEYLERİN TALAŞLI İŞLENMESİ_ BÖLÜM 1_ TAKIM GÖVDESİNİN GEOMETRİSİ[#245862]-213701.pdf,.pdf,724469,86b6aa43f12991c85a5fb6447b942d111798a55e476d6bdf01c8169c07c10072,2026-07-11T17:21:58+00:00,False,
Machinery_Article/PARALEL EKSENLERE DÖNME EKLEYEREK HYPOCYCLOİD YÜZEYLERİN TALAŞLI İŞLENMESİ_ BÖLÜM 2_ METODUN KİNEMATİĞİ E MÜMKÜN OLAN UYGULAMA ALANLARI[#245873]-213712.pdf,PARALEL EKSENLERE DÖNME EKLEYEREK HYPOCYCLOİD YÜZEYLERİN TALAŞLI İŞLENMESİ_ BÖLÜM 2_ METODUN KİNEMATİĞİ E MÜMKÜN OLAN UYGULAMA ALANLARI[#245873]-213712.pdf,.pdf,357326,aaee3583d65f1d935ec26a1e738875c584faa63ab924360d8bc385d85033e30c,2026-07-11T17:02:18+00:00,False,
Machinery_Article/Performance Evaluation of Working Model of Abrasive Jet Machining[#751989]-1148239.pdf,Performance Evaluation of Working Model of Abrasive Jet Machining[#751989]-1148239.pdf,.pdf,619194,7422f43df20a0e07bec54b44dd4d0b7865c2b9cb0aabe9ab151e833479546660,2026-07-12T17:23:15+00:00,False,
Machinery_Article/Plazma Borlamanın Kesici Takımların Mikrosertliği Üzerindeki Etkisi = Effect Of Plasma Boriding On The Microhardness Of Cutting Tools[#418507]-463425.pdf,Plazma Borlamanın Kesici Takımların Mikrosertliği Üzerindeki Etkisi = Effect Of Plasma Boriding On The Microhardness Of Cutting Tools[#418507]-463425.pdf,.pdf,560862,06df1b6a49cd5c48c469fd0e52d71e946a413c40e55a24700b86c207588ce0fd,2026-07-11T19:18:37+00:00,False,
Machinery_Article/PRİZMATİK PARÇALAR İÇİN UNSUR TABANLI TASARIM SİSTEMİ[#218799]-191356.pdf,PRİZMATİK PARÇALAR İÇİN UNSUR TABANLI TASARIM SİSTEMİ[#218799]-191356.pdf,.pdf,300166,7e7f1098eb7c9a87b736be329089fea160b4503805defb17cb92468883882735,2026-07-11T16:50:12+00:00,False,
Machinery_Article/Quantification-of-tool-wear-mechanisms-in-machining--The-case-of-con_2025_We.pdf,Quantification-of-tool-wear-mechanisms-in-machining--The-case-of-con_2025_We.pdf,.pdf,17317225,5687e780f65cb92e7b1cad284c7ff1df401f957e2747aa0cecbad2fb8dc336ef,2026-07-25T06:39:30+00:00,False,
Machinery_Article/Recreating-cobalt---based-glaze-layers-through-thermal-spraying-for_2025_Wea.pdf,Recreating-cobalt---based-glaze-layers-through-thermal-spraying-for_2025_Wea.pdf,.pdf,22524764,6ef1099fc4c03e630ba298b112892f602e1595405fb508bd869596dcfb758434,2026-07-25T06:38:58+00:00,False,
Machinery_Article/Reducing the Musculoskeletal Disorders-induced Production Employee Absenteeism Through the Cornell Musculoskeletal Discomfort Questionnaire and Ordinal Logistic Regression Model[#1019884]-2066662.pdf,Reducing the Musculoskeletal Disorders-induced Production Employee Absenteeism Through the Cornell Musculoskeletal Discomfort Questionnaire and Ordinal Logistic Regression Model[#1019884]-2066662.pdf,.pdf,2360866,b4b08ee51934c0391812827be0f97902f3dee088300b906ccd042df301d0b541,2026-07-11T18:51:27+00:00,False,
Machinery_Article/Role-of-crystallographic-and-morphological-textures-on-wear-resistan_2025_We.pdf,Role-of-crystallographic-and-morphological-textures-on-wear-resistan_2025_We.pdf,.pdf,8566285,72512bc27dc51e2b2441f38729eba56d738cd810ed5240d884ffc22ea378fd59,2026-07-25T06:39:08+00:00,False,
Machinery_Article/Role-of-tamping-effect-in-wear-behavior-of-Cu-TiC-composite-coatings_2025_We.pdf,Role-of-tamping-effect-in-wear-behavior-of-Cu-TiC-composite-coatings_2025_We.pdf,.pdf,22392780,01843a99bc43a2d7c7ce355a991d1c05171d797a23b293b32db6e9d7a60003eb,2026-07-25T06:39:22+00:00,False,
Machinery_Article/s10033-021-00552-9.pdf,s10033-021-00552-9.pdf,.pdf,2421104,f80be5b023cdfb8dc84ffdb3bb93f0a8faa703dcd34f8af682f0caf351ebba70,2026-07-25T09:20:29+00:00,False,
Machinery_Article/Shear-dependent-tribological-behavior-of-oleic-acid-as-a-sustainable_2025_We.pdf,Shear-dependent-tribological-behavior-of-oleic-acid-as-a-sustainable_2025_We.pdf,.pdf,12456911,5ed7b5f933693cf1c60487f72bcbaf50a21878173d13a8ecdbc8af847c1e079a,2026-07-25T06:38:54+00:00,False,
Machinery_Article/SİNTERLENMİŞ TİTANYUM ALAŞIMLARININ AŞINMA  PERFORMANSI VE BAZI MEKANİK ÖZELLİKLERİNİN  BELİRLENMESİ[#88242]-75460.pdf,SİNTERLENMİŞ TİTANYUM ALAŞIMLARININ AŞINMA  PERFORMANSI VE BAZI MEKANİK ÖZELLİKLERİNİN  BELİRLENMESİ[#88242]-75460.pdf,.pdf,559982,bf2131fd4685a7318a709e3e325a3452d03f82d6673a99c866cff24abb93dcbe,2026-07-11T17:34:20+00:00,False,
Machinery_Article/Solid-particle-erosion-resistance-of-NbC-reinforced-AlCrFeNi-medium-_2025_We.pdf,Solid-particle-erosion-resistance-of-NbC-reinforced-AlCrFeNi-medium-_2025_We.pdf,.pdf,20396242,663f4befadc2ca00864e6226678d9bbad34eb2b0c2f584000407fbb2f4c4d10d,2026-07-25T06:39:28+00:00,False,
Machinery_Article/Statistical Investigation of The Effects of Cutting Parameters on Surface Roughness During the Edge Milling of Glass Fiber Reinforced Plastic Composite Material[#258400]-224800.pdf,Statistical Investigation of The Effects of Cutting Parameters on Surface Roughness During the Edge Milling of Glass Fiber Reinforced Plastic Composite Material[#258400]-224800.pdf,.pdf,663610,1ca53c2b7fc4f53229c0ebfc1276f8a6cdcb390fd5b9892c6654f65c9a2b4351,2026-07-11T18:05:46+00:00,False,
Machinery_Article/Streamlined-numerical-modeling-of-solid-particle-impacts-and-erosion-_2025_W.pdf,Streamlined-numerical-modeling-of-solid-particle-impacts-and-erosion-_2025_W.pdf,.pdf,29074092,dc0b27b0f762b79752f301ee92ca084e314051afe8d98d795b3173710d7e68b3,2026-07-25T06:39:08+00:00,False,
Machinery_Article/Stronsiyum ve stronsiyum-magnezyum katkılarının ötektiküstü Al-17Si alaşımının içyapı ve mekanik özelliklerine etkisi[#532131]-657383.pdf,Stronsiyum ve stronsiyum-magnezyum katkılarının ötektiküstü Al-17Si alaşımının içyapı ve mekanik özelliklerine etkisi[#532131]-657383.pdf,.pdf,1082461,0a761f316f258dfca3a992f62b4816a474f444c3c910a37918f9aa228272c526,2026-07-11T19:04:53+00:00,False,
Machinery_Article/Surface properties of micro surface patterned Cp-Ti alloy via electrical discharge machining[#1384436]-3509812.pdf,Surface properties of micro surface patterned Cp-Ti alloy via electrical discharge machining[#1384436]-3509812.pdf,.pdf,1339659,3f8b2bcbbb1aec9436a7a4fedf848f5a374165ea06bc580b3a19394199800c38,2026-07-12T18:12:18+00:00,False,
Machinery_Article/Surface-engineering-strategies-for-aerospace-composite-repairs--Machi_2025_W.pdf,Surface-engineering-strategies-for-aerospace-composite-repairs--Machi_2025_W.pdf,.pdf,9019537,b765b0b88568991c0ba985812b9beeb81fee05227dc7841a64ea87f662ca420f,2026-07-25T06:38:54+00:00,False,
Machinery_Article/Sürdürülebilir Üretim İçin Talaşlı İmalatta Kullanılan Kesme Sıvılarının Geri Dönüşümü[#622100]-811508.pdf,Sürdürülebilir Üretim İçin Talaşlı İmalatta Kullanılan Kesme Sıvılarının Geri Dönüşümü[#622100]-811508.pdf,.pdf,1393401,ac967922102a3292df1260837c3e289b9d666dce808d4aaa8d191b9e339a3eeb,2026-07-11T17:29:45+00:00,False,
Machinery_Article/t04451_80432.pdf,t04451_80432.pdf,.pdf,10824687,9c75da9ccf42ca4278b86165afb7296a6f6078a849dda9da8bd239ec43e11569,2026-07-25T09:32:16+00:00,False,
Machinery_Article/TALALIMALATLEMNDEKURAMSALTEMELLERVEISLENEBILIRLIK.pdf,TALALIMALATLEMNDEKURAMSALTEMELLERVEISLENEBILIRLIK.pdf,.pdf,810305,3a303041426ba19f4b50806006035ea38e31218bda7dbdef6a549746cd4c546a,2026-07-24T15:24:49+00:00,False,
Machinery_Article/TALASLI_IMALAT_SIRASINDA_KESICI_TAKIMDA_MEYDANA_GE.pdf,TALASLI_IMALAT_SIRASINDA_KESICI_TAKIMDA_MEYDANA_GE.pdf,.pdf,1136751,9c2fc1759205ea0eb23aff9aa729106230270ee9865b817c90022181045624fb,2026-07-25T10:27:31+00:00,False,
Machinery_Article/TALAŞLI İMALAT SEKTÖRÜNDE AHP İLE TEDARİKÇİ SEÇİMİ[#1214315]-2811614.pdf,TALAŞLI İMALAT SEKTÖRÜNDE AHP İLE TEDARİKÇİ SEÇİMİ[#1214315]-2811614.pdf,.pdf,670623,fd4f2040b799ff58f7d421e328a778c7d9f9d4ebf64a756e34431c604d2b8a71,2026-07-11T17:55:17+00:00,False,
Machinery_Article/TALAŞLI İŞLEMEDE KESME KOŞULLARININ OPTİMİZASYONU İÇİN BİR SİSTEM[#246148]-213986.pdf,TALAŞLI İŞLEMEDE KESME KOŞULLARININ OPTİMİZASYONU İÇİN BİR SİSTEM[#246148]-213986.pdf,.pdf,3469357,7c886bb95d0dfbf78ebe9111b0c3af5e21d950266b634cc231deda00e0b31bd1,2026-07-11T17:59:44+00:00,False,
"Machinery_Article/Talaşlı imalatta kesme hızı, ilerleme ve kesme derinliği değişkenlerinin torna tezgâhı güç tüketimi üzerine etkileri[#1118426]-2435477.pdf","Talaşlı imalatta kesme hızı, ilerleme ve kesme derinliği değişkenlerinin torna tezgâhı güç tüketimi üzerine etkileri[#1118426]-2435477.pdf",.pdf,630410,eaf0412bef072e1d93dfb4d5bedf04a653b277b2d78d462b771e989b59a5c655,2026-07-11T18:19:41+00:00,False,
Machinery_Article/TASARIM VE İMALAT İÇİN MALZEME SEÇİMİNE YÖNELİK İNTERNET TABANLI BİR YAZILIM GELİŞTİRİLMESİ[#320816]-313478.pdf,TASARIM VE İMALAT İÇİN MALZEME SEÇİMİNE YÖNELİK İNTERNET TABANLI BİR YAZILIM GELİŞTİRİLMESİ[#320816]-313478.pdf,.pdf,369462,eca1cd0d8ad6f914a5145f76311a563b24866e2549650e1c081bb4020a262a40,2026-07-11T19:09:37+00:00,False,
"Machinery_Article/TEL EREZYON, LAZER IŞINI VE PLAZMA ARK KESME İŞLEMLERİNİN MEKANİK ve MİKROYAPISAL BAKIMINDAN KARŞILAŞTIRILMASI[#1205054]-2773925.pdf","TEL EREZYON, LAZER IŞINI VE PLAZMA ARK KESME İŞLEMLERİNİN MEKANİK ve MİKROYAPISAL BAKIMINDAN KARŞILAŞTIRILMASI[#1205054]-2773925.pdf",.pdf,1803173,f2b9f1d581c60a35621d939aa3dd92c03319020308bdb99c9feb04375ef8b11c,2026-07-12T17:00:26+00:00,False,
Machinery_Article/The Effect Of Insert Geometry On Chip Breaking And Surface Roughness In Machining Of AISI 4140 Steel[#258424]-224848.pdf,The Effect Of Insert Geometry On Chip Breaking And Surface Roughness In Machining Of AISI 4140 Steel[#258424]-224848.pdf,.pdf,755565,f73d4f493ebcd185ad3b6a7746e6b9a0cafc885f66d1ba64627874ec3ebe7b88,2026-07-11T17:17:40+00:00,False,
Machinery_Article/The Environmental Impact of Electric Discharge Machining[#556823]-818297.pdf,The Environmental Impact of Electric Discharge Machining[#556823]-818297.pdf,.pdf,479600,57ac3553b0061bb2bf507ccb5b1406121faee59f812e3ea75d033e45a1d33aea,2026-07-12T17:17:50+00:00,False,
"Machinery_Article/Ti6Al4V Malzemeye Uygulanan Delme İşleminde Kesme Parametrelerinin İtme Kuvveti, Kesme Momenti Ve Kesme Sıcaklığına Etkileri[#821812]-1382058.pdf","Ti6Al4V Malzemeye Uygulanan Delme İşleminde Kesme Parametrelerinin İtme Kuvveti, Kesme Momenti Ve Kesme Sıcaklığına Etkileri[#821812]-1382058.pdf",.pdf,984048,aab3624c5c6f99a8ecc9662130cdf92693b0f726cf6622d727568fb89f33173a,2026-07-11T16:50:48+00:00,False,
Machinery_Article/Titreşim ve Kesme Kuvveti Esaslı Takım Aşınmasının Bulanık Mantıkla İzlenmesi ve Tahmini[#420505]-467126.pdf,Titreşim ve Kesme Kuvveti Esaslı Takım Aşınmasının Bulanık Mantıkla İzlenmesi ve Tahmini[#420505]-467126.pdf,.pdf,1320180,99d7d5a60e69b47770237d965703ccba0e1a1d1dfc3fd9526f11a645cd90a644,2026-07-11T18:21:15+00:00,False,
Machinery_Article/TM Yöntemi ile Üretilmiş Al Matrisli Kompozitlerde Presleme Basıncının ve B4C Oranının Sertlik ve Aşınma Davranışı Üzerine Etkisi[#400055]-433014.pdf,TM Yöntemi ile Üretilmiş Al Matrisli Kompozitlerde Presleme Basıncının ve B4C Oranının Sertlik ve Aşınma Davranışı Üzerine Etkisi[#400055]-433014.pdf,.pdf,806944,8d08fcfc5d45c07d509acdf7e22b473ec250c5e44274fcf7d2f7fb1a8731b092,2026-07-11T18:49:29+00:00,False,
Machinery_Article/Tool Path Generation for Pocket Machining Operations with Island[#297696]-342768.pdf,Tool Path Generation for Pocket Machining Operations with Island[#297696]-342768.pdf,.pdf,438743,bba766ed32a07d235e8ca9bf7102f809c37480688804ec92c26d8e157ed82840,2026-07-12T17:23:34+00:00,False,
Machinery_Article/Toz Metalurjisi (T-M) Süperalaşımı Rene 95’in Yüksek Sıcaklık ve Sabit Basınçta  Üretimi ve Mikroyapı Özellikleri[#367143]-384615.pdf,Toz Metalurjisi (T-M) Süperalaşımı Rene 95’in Yüksek Sıcaklık ve Sabit Basınçta  Üretimi ve Mikroyapı Özellikleri[#367143]-384615.pdf,.pdf,933456,9b0c0dfd68c37adbe08f5fc0199144cff5b0c0e2078deb343cc476b6068257eb,2026-07-11T18:31:47+00:00,False,
Machinery_Article/Tribological-behaviour-of-a-graphite-phenolic-resin-solid-lubricant-_2025_We.pdf,Tribological-behaviour-of-a-graphite-phenolic-resin-solid-lubricant-_2025_We.pdf,.pdf,4359332,45a3dae3ad7bfe61c97d82b8687bd169988a2d966a41b45f33c574db2eb05a3f,2026-07-25T06:39:28+00:00,False,
Machinery_Article/Tribological-evaluation-of-Cu-based-abradable-coating_2025_Wear.pdf,Tribological-evaluation-of-Cu-based-abradable-coating_2025_Wear.pdf,.pdf,15904812,638486f8b1dd153b59f3e9675063646d0ff48c0d3bc7669d2e7590e13d3adc2d,2026-07-25T06:39:06+00:00,False,
Machinery_Article/Türkiye’de Katmanlı İmalat ve Gemi İnşaatı Üzerine Etkileri[#958875]-1847988.pdf,Türkiye’de Katmanlı İmalat ve Gemi İnşaatı Üzerine Etkileri[#958875]-1847988.pdf,.pdf,619098,2d56ca4a7005723c652f74d9bc3dfad653390a619214f22e234be9d8a9f4a475,2026-07-11T17:07:51+00:00,False,
Machinery_Article/VALIDATION OF MATERIAL MODEL AND MECHANISM OF MATERIAL REMOVAL IN ABRASIVE FLOW MACHINING[#1238648]-2902269.pdf,VALIDATION OF MATERIAL MODEL AND MECHANISM OF MATERIAL REMOVAL IN ABRASIVE FLOW MACHINING[#1238648]-2902269.pdf,.pdf,489477,6246d3030db01a9302ef425b8f2a58bdc97c314365c6d776f16e6efbdcad079c,2026-07-12T18:10:48+00:00,False,
Machinery_Article/Vidaların Açılmasında Kesici Uç Seçimi İçin Bir Uzman Sistem[#440266]-605169.pdf,Vidaların Açılmasında Kesici Uç Seçimi İçin Bir Uzman Sistem[#440266]-605169.pdf,.pdf,1044190,b38897987504e67ebad207915ea4b7a22264b9c31709dabc49126791791e56e8,2026-07-11T18:16:42+00:00,False,
Machinery_Article/WC-(Ta+W) Çok Tabakalı Kaplanmış SiAlON Matkap Uçlarının Karbon Fiber Takviyeli Polimer (CFRP) Kompozitlerin Delme Operasyonlarındaki Performansları[#354830]-366411.pdf,WC-(Ta+W) Çok Tabakalı Kaplanmış SiAlON Matkap Uçlarının Karbon Fiber Takviyeli Polimer (CFRP) Kompozitlerin Delme Operasyonlarındaki Performansları[#354830]-366411.pdf,.pdf,1068534,99274ec672cbf22b75ff4db8ec6197028378f5d44a7c8782cd34682cddd69136,2026-07-11T17:14:14+00:00,False,
Machinery_Article/Wear-behavior-of-316L-stainless-steel-obtained-by-additive-manufactu_2025_We.pdf,Wear-behavior-of-316L-stainless-steel-obtained-by-additive-manufactu_2025_We.pdf,.pdf,23751629,40f558b0c051c03f1340d869badde0061874098ec786038f81a31c79d48ca5f2,2026-07-25T06:39:24+00:00,False,
Machinery_Article/Wear-behaviour-of-PVD--Ti-Si-N--Ti-Al-N-coated-cemented-carbide-in-d_2025_We.pdf,Wear-behaviour-of-PVD--Ti-Si-N--Ti-Al-N-coated-cemented-carbide-in-d_2025_We.pdf,.pdf,20013887,e7283ce2d5224526e3e556c00f315e7ecfe7dcfed31f0e0aa6723202a7cee8f4,2026-07-25T06:39:00+00:00,False,
Machinery_Article/Wear-properties-of-cemented-carbides-with-new-binder-solutions-for-_2025_Wea.pdf,Wear-properties-of-cemented-carbides-with-new-binder-solutions-for-_2025_Wea.pdf,.pdf,14706721,7edf872d85c94c7b0d221013555e6e4c7cbd9c5d5e662d3ef3acd9862ef7f6c1,2026-07-25T06:38:56+00:00,False,
Machinery_Article/XCrNi18-8 Paslanmaz çeliğin kimyasal işlenmesi[#312675]-302697.pdf,XCrNi18-8 Paslanmaz çeliğin kimyasal işlenmesi[#312675]-302697.pdf,.pdf,641251,33cf691475c3331af256a6530d4f7f8d59bfcdb1dc62d59418b99fc9e6e23131,2026-07-12T18:13:31+00:00,False,
Machinery_Article/yoktez_245169_17062026.pdf,yoktez_245169_17062026.pdf,.pdf,13993556,7806d0ec12dde9f4e409ad609f4c5d1a422ee701eb05ec14eb350882f51866b7,2026-07-25T09:30:30+00:00,False,
Machinery_Article/Ürünün Otomasyon İçin Tasarımlanması[#88156]-75375.pdf,Ürünün Otomasyon İçin Tasarımlanması[#88156]-75375.pdf,.pdf,107183,775c617360e9ad1e96d3f2e39ebffb05db8ae609c74485c58289fb7d6e1e3759,2026-07-11T19:08:35+00:00,False,
Progamlar/deep-research-report (9).md,deep-research-report (9).md,.md,37333,9a3843c01e6f4c9f9e241ff14b0241c1d8d824fc4d841430f8a533aab75a8345,2026-08-17T10:39:35+00:00,True,
Progamlar/Talasli_Imalat_Bilimsel_Makaleler_ve_Problem_Literaturu.md,Talasli_Imalat_Bilimsel_Makaleler_ve_Problem_Literaturu.md,.md,28790,680455a03803a960ec680be9c70affcb9df211b057f29b7e0806e72eafb504ed,2026-08-17T10:13:10+00:00,False,
Progamlar/Talasli_Imalat_Bilimsel_Makaleler_ve_Problemler_Literatur_Raporu.docx,Talasli_Imalat_Bilimsel_Makaleler_ve_Problemler_Literatur_Raporu.docx,.docx,42522,6705e785d06ccfff9b05bd60aa6d8a8a7b3261f34bdd45532c2eee19b48f9872,2026-08-17T10:18:54+00:00,False,
Progamlar/Talasli_Imalat_Manufacturing_Intelligence_Platform_Raporu.docx,Talasli_Imalat_Manufacturing_Intelligence_Platform_Raporu.docx,.docx,40229,d3bf5a2f286155f54401b7bf7d007e21701a40040382f3ef0133d9fbe542cbe6,2026-08-17T09:56:46+00:00,False,
Progamlar/Talasli_Imalat_Manufacturing_Intelligence_Platform_Raporu.md,Talasli_Imalat_Manufacturing_Intelligence_Platform_Raporu.md,.md,15266,923e59371aef7bfc0565486e1452197659f18ca96f67ec2c137fd70c2183e9c7,2026-08-17T09:57:06+00:00,False,
Progamlar/Talasli_Imalat_Zeka_Platformu_Arastirma_Raporu.docx,Talasli_Imalat_Zeka_Platformu_Arastirma_Raporu.docx,.docx,63956,75a158a86c02145288f8f33c946ccf0a4a1d62e06012c58628777c78deb04e66,2026-08-17T09:59:22+00:00,False,
Progamlar/Talasli_Imalat_Zeka_Platformu_Arastirma_Raporu.md,Talasli_Imalat_Zeka_Platformu_Arastirma_Raporu.md,.md,46579,c390b8b3518238b66661ee6f9170dc493b09aa4eaab2acf29a716f113c2b2870,2026-08-17T10:03:00+00:00,False,
Talasli_Imalat_Bilimsel_Makaleler_ve_Problem_Literaturu.docx,Talasli_Imalat_Bilimsel_Makaleler_ve_Problem_Literaturu.docx,.docx,46166,7a9476d138367548e5627ff3c244238600e3e989bd23d4471e08d4ff1515d768,2026-08-17T10:12:55+00:00,False,
